File_Name,Date,Open,High,Low,Close,Volume
FRETAIL,20160829,153.4,161.05,153.0,161.05,558999
FRETAIL,20160830,160.2,160.25,155.05,158.3,1141573
FRETAIL,20160831,157.75,160.0,150.4,159.6,885180
FRETAIL,20160901,156.0,160.0,152.0,156.95,134374
FRETAIL,20160902,152.0,158.0,152.0,157.25,69713
FRETAIL,20160906,153.0,160.0,153.0,159.25,98068
FRETAIL,20160907,159.0,160.05,157.1,158.9,101603
FRETAIL,20160908,155.0,160.0,155.0,156.85,35979
FRETAIL,20160909,155.0,160.0,155.0,158.65,128104
FRETAIL,20160912,153.1,157.0,151.5,154.25,67961
FRETAIL,20160914,155.9,160.0,150.55,154.25,399600
FRETAIL,20160915,153.2,155.9,150.5,153.35,184278
FRETAIL,20160916,153.9,157.75,142.3,149.35,764664
FRETAIL,20160919,151.1,153.75,150.0,151.05,153251
FRETAIL,20160920,151.0,151.0,148.0,150.4,82420
FRETAIL,20160921,151.85,153.85,150.25,152.0,297371
FRETAIL,20160922,152.0,153.65,150.25,151.6,80355
FRETAIL,20160923,152.1,152.6,147.1,147.45,66387
FRETAIL,20160926,146.15,147.55,142.25,145.45,129825
FRETAIL,20160927,145.15,149.0,143.0,145.2,229601
FRETAIL,20160928,142.65,149.0,142.65,147.6,96894
FRETAIL,20160929,148.05,150.9,146.95,148.25,276417
FRETAIL,20160930,137.2,151.5,137.2,150.0,62566
FRETAIL,20161003,150.0,159.2,150.0,157.15,119234
FRETAIL,20161004,154.0,159.7,153.9,159.2,39962
FRETAIL,20161005,157.2,160.0,154.6,159.2,160051
FRETAIL,20161006,157.2,159.9,154.75,156.75,303284
FRETAIL,20161007,155.35,158.7,153.1,155.4,68887
FRETAIL,20161010,157.4,158.7,151.9,152.45,22973
FRETAIL,20161013,150.3,153.0,145.55,147.85,82668
FRETAIL,20161014,148.05,159.9,148.0,156.1,145559
FRETAIL,20161017,159.9,159.9,151.0,153.4,164299
FRETAIL,20161018,157.0,158.1,151.2,155.9,222594
FRETAIL,20161019,155.0,160.0,152.0,155.25,2121972
FRETAIL,20161020,154.0,159.95,152.5,157.9,232500
FRETAIL,20161021,155.05,160.0,155.05,158.85,175308
FRETAIL,20161024,159.8,179.7,155.2,174.6,1721337
FRETAIL,20161025,175.0,175.0,165.0,168.55,228432
FRETAIL,20161026,168.2,172.95,165.1,170.0,466822
FRETAIL,20161027,170.0,171.0,163.35,168.15,148702
FRETAIL,20161028,167.0,174.35,165.6,166.4,285621
FRETAIL,20161030,168.4,171.75,168.1,170.15,65539
FRETAIL,20161101,170.65,171.0,165.5,166.8,86487
FRETAIL,20161102,164.0,165.5,158.5,160.0,421503
FRETAIL,20161103,160.0,161.0,156.0,157.7,173039
FRETAIL,20161104,157.05,158.9,148.0,150.0,126264
FRETAIL,20161107,153.1,157.3,152.8,154.35,553661
FRETAIL,20161108,154.0,155.05,146.05,147.05,445321
FRETAIL,20161109,122.3,144.05,122.3,140.15,300152
FRETAIL,20161110,142.3,146.05,142.0,142.45,77149
FRETAIL,20161111,140.2,142.45,130.5,134.5,366878
FRETAIL,20161115,133.0,139.0,124.0,127.1,310128
FRETAIL,20161116,129.8,135.9,125.65,134.35,492082
FRETAIL,20161117,131.95,133.0,128.25,129.95,200378
FRETAIL,20161118,128.8,130.5,126.1,127.3,237260
FRETAIL,20161121,128.1,128.15,118.75,123.15,325232
FRETAIL,20161122,123.95,129.5,121.1,126.6,246577
FRETAIL,20161123,127.35,135.65,127.35,133.45,287779
FRETAIL,20161124,133.0,135.95,130.85,133.75,174294
FRETAIL,20161125,133.65,138.05,130.1,134.65,349810
FRETAIL,20161128,135.95,135.95,127.65,128.35,252789
FRETAIL,20161129,129.9,133.4,124.0,124.65,373676
FRETAIL,20161130,125.0,126.9,120.0,123.1,349111
FRETAIL,20161201,121.15,125.5,121.15,121.9,179766
FRETAIL,20161202,121.85,121.85,119.2,120.15,126412
FRETAIL,20161205,118.0,121.75,115.45,120.15,363287
FRETAIL,20161206,121.1,130.0,120.15,122.55,1898080
FRETAIL,20161207,124.9,125.0,121.25,124.05,289110
FRETAIL,20161208,125.5,130.45,123.5,127.4,399190
FRETAIL,20161209,126.75,131.4,124.55,126.7,350824
FRETAIL,20161212,127.9,130.0,122.3,125.1,150689
FRETAIL,20161213,123.7,126.4,123.7,126.1,44811
FRETAIL,20161214,127.75,131.0,125.25,129.2,109454
FRETAIL,20161215,127.2,129.9,125.55,127.3,115842
FRETAIL,20161216,127.2,133.45,126.25,131.3,223484
FRETAIL,20161219,132.0,133.55,128.25,131.25,192921
FRETAIL,20161220,130.05,132.5,125.4,126.45,100103
FRETAIL,20161221,127.9,129.4,126.5,127.95,64454
FRETAIL,20161222,125.75,126.95,121.7,122.1,130733
FRETAIL,20161223,121.8,125.0,121.65,123.7,74986
FRETAIL,20161226,121.3,123.45,120.0,120.4,40503
FRETAIL,20161227,120.1,121.7,119.85,120.8,110577
FRETAIL,20161228,120.9,126.5,120.9,125.6,155221
FRETAIL,20161229,124.95,126.7,124.25,126.1,19774
FRETAIL,20161230,124.4,129.4,124.4,128.4,103495
FRETAIL,20170102,129.5,131.7,126.3,131.0,37821
FRETAIL,20170103,132.0,134.7,128.5,132.95,90352
FRETAIL,20170104,133.95,148.5,133.5,147.65,761336
FRETAIL,20170105,148.5,151.5,142.6,150.4,326679
FRETAIL,20170106,150.0,153.35,147.0,152.25,160098
FRETAIL,20170109,147.45,153.95,147.45,152.55,130748
FRETAIL,20170110,152.0,160.25,150.2,158.85,921735
FRETAIL,20170111,161.1,163.4,153.7,161.55,755021
FRETAIL,20170112,162.0,164.0,156.0,159.25,1287862
FRETAIL,20170113,156.25,164.0,156.25,162.4,607675
FRETAIL,20170116,158.0,164.0,158.0,162.85,55342
FRETAIL,20170117,162.05,164.0,158.2,163.5,83049
FRETAIL,20170118,161.05,166.55,160.5,165.5,86387
FRETAIL,20170119,165.55,167.0,162.1,165.6,76334
FRETAIL,20170120,165.05,172.0,165.0,165.4,158762
FRETAIL,20170123,165.95,167.35,164.45,165.2,68167
FRETAIL,20170124,164.0,174.0,164.0,171.1,274891
FRETAIL,20170125,172.4,172.8,169.0,171.75,622942
FRETAIL,20170127,170.2,174.9,169.05,172.0,176157
FRETAIL,20170130,170.0,175.9,168.85,172.55,159819
FRETAIL,20170131,170.75,174.45,169.95,173.3,70942
FRETAIL,20170201,169.45,177.5,164.55,172.45,142246
FRETAIL,20170202,171.6,179.7,170.35,174.1,160217
FRETAIL,20170203,173.1,184.2,170.0,178.85,225110
FRETAIL,20170206,180.1,191.8,180.1,189.0,183249
FRETAIL,20170207,189.5,226.8,181.4,221.05,3956692
FRETAIL,20170208,221.5,228.0,213.25,216.1,1752064
FRETAIL,20170209,217.0,221.0,206.1,219.15,769066
FRETAIL,20170210,220.0,225.75,212.9,214.45,816573
FRETAIL,20170213,216.0,225.5,210.95,214.45,563939
FRETAIL,20170214,215.95,220.5,214.55,215.75,188085
FRETAIL,20170215,215.0,217.9,198.15,211.3,465281
FRETAIL,20170216,213.0,222.0,206.1,219.5,710368
FRETAIL,20170217,221.0,226.0,215.6,221.6,567881
FRETAIL,20170220,220.7,233.0,218.25,230.3,750955
FRETAIL,20170221,230.3,261.8,230.0,244.75,3609426
FRETAIL,20170222,246.0,247.0,231.5,233.45,466411
FRETAIL,20170223,233.9,243.0,232.15,234.35,323662
FRETAIL,20170227,235.5,245.75,235.35,239.25,540567
FRETAIL,20170228,250.0,271.0,247.6,249.65,3916709
FRETAIL,20170301,253.75,260.1,253.75,259.2,1973299
FRETAIL,20170302,261.9,261.9,254.0,256.5,800345
FRETAIL,20170303,256.0,256.0,247.2,251.9,518082
FRETAIL,20170306,252.45,260.55,249.55,259.4,786840
FRETAIL,20170307,260.3,266.65,256.15,262.0,977208
FRETAIL,20170308,266.35,278.0,261.55,274.75,2093269
FRETAIL,20170309,273.0,274.7,267.0,270.6,650545
FRETAIL,20170310,272.35,273.9,261.1,263.1,484895
FRETAIL,20170314,266.85,272.0,262.6,264.95,425770
FRETAIL,20170315,264.35,274.5,262.0,267.7,805608
FRETAIL,20170316,271.15,273.85,267.0,267.75,191048
FRETAIL,20170317,268.85,270.0,265.0,267.45,188621
FRETAIL,20170320,268.9,270.0,253.1,257.65,637275
FRETAIL,20170321,261.5,265.0,248.0,254.4,2359519
FRETAIL,20170322,249.9,251.8,243.3,245.9,695047
FRETAIL,20170323,244.25,247.25,241.1,242.55,539904
FRETAIL,20170324,242.0,257.0,241.95,254.7,564106
FRETAIL,20170327,255.0,258.65,253.1,254.9,513596
FRETAIL,20170328,255.5,260.0,251.0,256.45,673884
FRETAIL,20170329,257.9,258.95,253.4,255.3,2555259
FRETAIL,20170330,256.35,260.95,255.5,256.65,2221409
FRETAIL,20170331,259.0,269.5,254.0,267.8,767796
FRETAIL,20170403,266.05,278.5,262.0,276.95,581933
FRETAIL,20170405,276.0,297.5,276.0,291.85,1313018
FRETAIL,20170406,289.7,293.0,278.0,280.3,674223
FRETAIL,20170407,278.9,289.35,276.25,281.85,641702
FRETAIL,20170410,287.95,298.1,284.85,286.6,449341
FRETAIL,20170411,287.9,289.65,283.0,284.5,151985
FRETAIL,20170412,286.3,287.0,275.0,280.15,240557
FRETAIL,20170413,279.95,284.0,278.55,281.15,132124
FRETAIL,20170417,278.5,294.65,278.5,293.05,325372
FRETAIL,20170418,291.5,297.0,287.55,292.8,356027
FRETAIL,20170419,290.05,299.0,288.0,292.6,168134
FRETAIL,20170420,292.6,313.2,290.5,306.3,1521227
FRETAIL,20170421,310.0,312.95,303.05,304.65,273980
FRETAIL,20170424,304.8,324.7,303.0,318.0,412572
FRETAIL,20170425,321.7,325.0,311.15,322.25,311709
FRETAIL,20170426,321.65,325.5,310.5,318.8,263564
FRETAIL,20170427,318.8,320.95,307.05,312.8,171992
FRETAIL,20170428,315.45,317.8,304.55,312.7,381387
FRETAIL,20170502,312.8,327.45,312.8,324.6,308436
FRETAIL,20170503,325.0,338.75,320.35,335.9,548676
FRETAIL,20170504,348.8,359.8,342.0,350.0,1455169
FRETAIL,20170505,351.0,358.5,341.7,351.65,556297
FRETAIL,20170508,355.8,358.0,342.5,350.1,354038
FRETAIL,20170509,350.0,358.6,346.95,351.35,438899
FRETAIL,20170510,352.0,355.15,349.0,351.7,327392
FRETAIL,20170511,360.0,361.0,340.1,345.75,693723
FRETAIL,20170512,343.85,343.85,320.0,321.6,549982
FRETAIL,20170515,324.9,333.0,323.0,325.15,356803
FRETAIL,20170516,327.3,328.35,320.0,320.5,313335
FRETAIL,20170517,321.85,322.85,306.25,311.75,388912
FRETAIL,20170518,308.5,315.0,289.0,295.75,441665
FRETAIL,20170519,298.4,308.6,282.2,285.25,513850
FRETAIL,20170522,288.9,320.0,287.15,311.9,1088202
FRETAIL,20170523,314.0,316.0,292.05,305.1,573954
FRETAIL,20170524,316.0,319.0,305.0,307.8,862795
FRETAIL,20170525,309.3,316.0,307.1,314.7,268198
FRETAIL,20170526,314.95,327.0,309.05,324.55,429553
FRETAIL,20170529,327.0,333.9,312.15,314.7,208412
FRETAIL,20170530,308.0,315.0,308.0,311.35,71591
FRETAIL,20170531,312.6,331.5,308.7,329.3,425577
FRETAIL,20170601,331.0,340.6,329.1,336.25,472929
FRETAIL,20170602,336.95,338.45,328.0,329.9,120811
FRETAIL,20170605,332.55,349.0,332.5,346.4,409777
FRETAIL,20170606,349.0,398.8,349.0,393.95,2498195
FRETAIL,20170607,390.0,408.0,380.0,382.6,855968
FRETAIL,20170608,382.6,401.0,368.2,394.2,860485
FRETAIL,20170609,395.8,399.0,387.45,393.35,485178
FRETAIL,20170612,391.0,402.0,370.0,394.65,599292
FRETAIL,20170613,390.65,398.0,379.6,382.7,347050
FRETAIL,20170614,383.6,392.75,375.0,388.55,351719
FRETAIL,20170615,389.3,389.3,376.1,378.0,344865
FRETAIL,20170616,376.6,382.5,372.3,373.7,173921
FRETAIL,20170619,375.05,395.5,373.05,393.15,456030
FRETAIL,20170620,398.0,399.65,389.15,393.4,473737
FRETAIL,20170621,393.5,397.95,385.0,386.85,319354
FRETAIL,20170622,389.75,393.9,373.9,375.15,294528
FRETAIL,20170623,376.5,379.55,366.15,371.65,274203
FRETAIL,20170627,372.9,372.9,353.0,354.95,248300
FRETAIL,20170628,356.0,388.95,350.0,363.95,691504
FRETAIL,20170629,366.5,377.95,364.1,366.65,187319
FRETAIL,20170630,365.0,373.0,362.9,369.8,319381
FRETAIL,20170703,369.6,372.45,366.0,367.8,251204
FRETAIL,20170704,369.9,378.7,369.05,370.95,283082
FRETAIL,20170705,376.0,379.2,366.4,371.8,236032
FRETAIL,20170706,374.85,396.75,371.5,395.45,1054266
FRETAIL,20170707,395.0,399.35,391.0,395.75,875734
FRETAIL,20170710,400.0,404.0,380.05,398.85,75554
FRETAIL,20170711,401.9,403.0,390.3,395.65,2374044
FRETAIL,20170712,395.0,399.9,386.05,391.2,704967
FRETAIL,20170713,391.2,410.8,386.35,400.5,1648894
FRETAIL,20170714,403.0,403.2,391.25,397.2,866064
FRETAIL,20170717,398.5,403.2,390.35,398.45,485976
FRETAIL,20170718,399.8,408.45,394.1,396.3,816710
FRETAIL,20170719,397.0,404.45,392.0,393.85,1240055
FRETAIL,20170720,397.0,398.95,393.4,395.15,1152538
FRETAIL,20170721,397.25,450.0,394.45,436.8,3149569
FRETAIL,20170724,440.1,440.45,405.75,409.75,806880
FRETAIL,20170725,411.7,418.5,401.0,403.4,542377
FRETAIL,20170726,408.0,408.4,397.0,401.45,465649
FRETAIL,20170727,407.1,419.0,407.1,409.65,939905
FRETAIL,20170728,409.9,416.35,406.45,413.1,814502
FRETAIL,20170731,413.1,413.75,403.05,404.7,364789
FRETAIL,20170801,404.7,408.9,401.5,404.15,967634
FRETAIL,20170802,403.75,403.75,395.0,400.05,367486
FRETAIL,20170803,400.05,404.0,382.6,399.6,2936339
FRETAIL,20170804,404.0,405.05,399.6,402.15,3243295
FRETAIL,20170807,405.0,437.0,405.0,430.3,912868
FRETAIL,20170808,435.0,461.9,417.25,443.25,2842623
FRETAIL,20170809,443.5,460.0,435.65,440.8,1561236
FRETAIL,20170810,441.0,449.0,435.1,441.5,691114
FRETAIL,20170811,431.0,447.5,423.05,445.0,513975
FRETAIL,20170814,452.95,469.95,448.9,466.4,996543
FRETAIL,20170816,469.0,496.8,465.0,491.55,2255650
FRETAIL,20170817,494.0,503.45,486.0,490.2,2039330
FRETAIL,20170818,482.2,487.9,471.0,480.35,712810
FRETAIL,20170821,484.0,495.0,480.65,486.2,1032282
FRETAIL,20170822,488.0,495.5,487.5,489.05,1018722
FRETAIL,20170823,490.0,512.0,489.5,507.4,1416130
FRETAIL,20170824,510.9,517.95,501.55,505.25,753793
FRETAIL,20170828,509.8,517.0,500.0,506.25,545722
FRETAIL,20170829,506.0,511.75,500.0,502.8,527309
FRETAIL,20170830,507.0,513.0,503.0,510.1,1662562
FRETAIL,20170831,511.0,544.0,507.3,535.15,2057771
FRETAIL,20170901,539.85,558.0,530.0,550.75,902575
FRETAIL,20170904,550.0,576.0,540.0,572.1,1780934
FRETAIL,20170905,572.75,592.0,570.65,577.4,1282751
FRETAIL,20170906,575.1,590.0,571.25,580.15,725466
FRETAIL,20170907,580.5,585.5,566.0,570.65,2763652
FRETAIL,20170908,573.8,578.0,543.0,555.2,1050475
FRETAIL,20170911,563.1,574.0,555.05,564.3,562318
FRETAIL,20170912,567.0,568.8,554.0,557.3,411760
FRETAIL,20170913,559.95,563.35,533.5,535.15,697773
FRETAIL,20170914,539.95,541.0,524.15,527.0,435804
FRETAIL,20170915,525.0,555.95,521.45,549.95,2117379
FRETAIL,20170918,554.6,557.0,542.0,553.0,548102
FRETAIL,20170919,548.0,551.5,533.0,536.3,425168
FRETAIL,20170920,540.0,547.9,540.0,542.85,726059
FRETAIL,20170921,547.0,574.8,532.0,549.7,1331678
FRETAIL,20170922,548.0,548.0,535.0,543.45,659469
FRETAIL,20170925,544.1,556.3,501.5,547.9,2185525
FRETAIL,20170926,549.85,551.0,538.2,543.8,1633748
FRETAIL,20170927,549.0,553.95,525.0,528.95,399667
FRETAIL,20170928,528.0,529.95,500.1,508.05,1968623
FRETAIL,20170929,514.0,538.8,514.0,526.5,652742
FRETAIL,20171003,535.0,538.8,515.0,523.1,245738
FRETAIL,20171004,525.3,534.0,518.0,524.6,364918
FRETAIL,20171005,531.0,539.75,525.9,527.55,626899
FRETAIL,20171006,543.9,559.5,531.25,536.75,1590288
FRETAIL,20171009,538.0,538.5,527.0,530.7,636704
FRETAIL,20171010,534.8,548.75,532.95,539.5,886504
FRETAIL,20171011,544.0,544.0,533.9,538.3,538538
FRETAIL,20171012,542.0,542.0,527.1,539.7,484172
FRETAIL,20171013,542.9,546.0,534.0,536.7,594200
FRETAIL,20171016,536.7,539.8,521.5,526.95,348118
FRETAIL,20171017,530.0,530.0,516.15,519.6,386623
FRETAIL,20171018,525.05,529.9,510.6,524.8,706437
FRETAIL,20171019,525.9,527.0,516.95,520.2,46464
FRETAIL,20171023,523.9,535.9,515.0,531.55,382070
FRETAIL,20171024,533.0,533.0,515.7,517.85,242857
FRETAIL,20171025,523.0,523.0,511.2,512.75,166672
FRETAIL,20171026,514.0,518.0,501.0,512.7,298019
FRETAIL,20171027,511.5,526.8,509.0,520.8,350721
FRETAIL,20171030,522.0,525.05,517.55,520.05,168062
FRETAIL,20171031,520.0,521.85,513.05,520.55,132059
FRETAIL,20171101,516.0,524.9,516.0,517.75,134204
FRETAIL,20171102,516.05,530.0,515.1,517.55,412564
FRETAIL,20171103,523.9,530.0,519.75,526.9,668924
FRETAIL,20171106,524.05,530.0,517.45,525.65,366653
FRETAIL,20171107,529.95,536.0,515.7,522.95,1842741
FRETAIL,20171108,523.5,528.0,505.0,508.15,278184
FRETAIL,20171109,512.0,517.85,495.55,505.95,277285
FRETAIL,20171110,504.0,504.0,472.5,482.45,766734
FRETAIL,20171113,478.0,492.25,465.0,474.4,964138
FRETAIL,20171114,480.0,490.8,475.65,486.2,737140
FRETAIL,20171115,487.0,487.9,465.05,467.8,1871374
FRETAIL,20171116,469.9,503.95,469.9,499.5,666257
FRETAIL,20171117,501.0,514.0,495.55,505.15,935061
FRETAIL,20171120,506.9,518.0,505.2,514.95,796496
FRETAIL,20171121,519.8,519.8,512.5,515.5,380662
FRETAIL,20171122,522.8,581.0,520.9,573.5,2809466
FRETAIL,20171123,579.9,606.7,539.0,593.05,3726810
FRETAIL,20171124,595.9,656.0,575.0,644.85,4005799
FRETAIL,20171127,650.0,652.7,577.0,584.9,3254253
FRETAIL,20171128,584.0,586.0,556.0,565.9,2536684
FRETAIL,20171129,565.0,577.5,536.75,573.2,468645
FRETAIL,20171130,573.2,573.5,544.55,548.65,1230859
FRETAIL,20171201,569.9,569.9,540.0,544.75,261445
FRETAIL,20171204,545.0,545.0,521.0,526.9,356678
FRETAIL,20171205,520.0,537.0,505.0,528.8,239537
FRETAIL,20171206,522.5,536.0,516.0,528.1,648083
FRETAIL,20171207,522.6,528.1,502.4,517.3,546075
FRETAIL,20171208,526.5,538.0,518.05,530.2,471313
FRETAIL,20171211,540.0,540.0,517.0,521.85,262012
FRETAIL,20171212,517.1,531.4,517.1,526.7,247984
FRETAIL,20171213,534.8,546.0,516.95,524.6,544802
FRETAIL,20171214,526.2,533.95,525.05,528.0,328126
FRETAIL,20171215,531.0,546.0,530.6,541.45,841229
FRETAIL,20171218,536.0,540.95,520.0,535.6,118437
FRETAIL,20171219,535.5,545.15,523.55,539.15,328545
FRETAIL,20171220,548.9,548.9,525.0,535.75,487557
FRETAIL,20171221,535.75,539.65,520.0,523.45,202567
FRETAIL,20171222,526.65,533.0,524.2,526.2,142074
FRETAIL,20171226,530.0,530.15,518.2,522.85,189728
FRETAIL,20171227,527.8,532.95,520.05,524.45,481047
FRETAIL,20171228,521.0,524.7,515.0,517.65,180772
FRETAIL,20171229,513.05,531.4,512.2,524.85,217932
FRETAIL,20180101,529.0,531.05,525.05,526.3,61763
FRETAIL,20180102,525.5,530.75,498.0,511.25,298391
FRETAIL,20180103,518.0,526.95,512.1,523.3,187190
FRETAIL,20180104,526.8,561.25,518.0,553.65,618297
FRETAIL,20180105,562.5,584.5,560.5,578.3,628840
FRETAIL,20180108,571.0,581.2,561.25,573.85,192547
FRETAIL,20180109,571.0,572.95,563.0,567.2,246726
FRETAIL,20180110,573.1,579.95,551.15,554.2,478607
FRETAIL,20180111,555.0,582.0,555.0,579.4,852070
FRETAIL,20180112,580.0,582.3,554.1,568.05,416760
FRETAIL,20180115,571.9,574.45,562.0,569.35,444306
FRETAIL,20180116,562.3,569.3,532.0,536.75,320324
FRETAIL,20180117,541.7,547.35,538.0,541.1,192657
FRETAIL,20180118,541.25,544.5,526.55,530.25,428740
FRETAIL,20180119,530.0,535.0,517.25,531.6,391227
FRETAIL,20180122,531.0,544.7,530.5,538.85,292035
FRETAIL,20180123,535.45,570.0,532.55,566.25,908069
FRETAIL,20180124,566.0,569.25,549.0,564.15,192358
FRETAIL,20180125,555.0,563.85,552.25,556.5,170027
FRETAIL,20180129,560.0,564.7,541.55,548.55,502022
FRETAIL,20180130,578.0,578.0,544.0,558.3,367964
FRETAIL,20180131,558.0,562.8,546.75,557.85,274165
FRETAIL,20180201,551.55,562.9,540.0,542.55,254453
FRETAIL,20180202,540.0,546.6,502.0,512.3,178898
FRETAIL,20180205,509.8,561.15,472.55,539.4,1353453
FRETAIL,20180206,476.05,532.95,476.05,523.85,559365
FRETAIL,20180207,538.0,538.0,516.85,523.2,462239
FRETAIL,20180208,529.0,532.3,514.05,517.55,2131024
FRETAIL,20180209,501.5,524.3,501.5,520.5,249414
FRETAIL,20180212,529.0,534.2,523.85,528.85,289246
FRETAIL,20180214,534.0,535.0,524.0,526.9,1191553
FRETAIL,20180215,528.3,531.35,524.0,528.05,243398
FRETAIL,20180216,526.1,530.55,510.0,514.85,1329941
FRETAIL,20180219,515.0,521.8,500.0,517.5,117962
FRETAIL,20180220,516.1,520.0,502.1,515.15,414856
FRETAIL,20180221,510.0,524.85,510.0,519.9,146530
FRETAIL,20180222,519.0,522.25,505.1,511.1,123901
FRETAIL,20180223,513.9,520.5,512.05,518.9,144586
FRETAIL,20180226,513.1,525.0,510.55,516.05,532597
FRETAIL,20180227,517.2,521.85,516.5,519.75,134848
FRETAIL,20180228,514.2,523.0,514.2,519.05,248550
FRETAIL,20180301,519.1,523.15,515.0,517.75,330842
FRETAIL,20180305,520.0,520.0,513.0,516.65,326486
FRETAIL,20180306,517.85,518.95,495.7,500.8,108162
FRETAIL,20180307,500.0,500.0,484.3,493.7,253327
FRETAIL,20180308,499.0,501.9,482.1,497.2,180707
FRETAIL,20180309,493.1,504.0,490.0,498.3,284103
FRETAIL,20180312,500.1,505.65,498.0,500.95,338766
FRETAIL,20180313,502.0,513.6,502.0,506.85,218097
FRETAIL,20180314,517.0,519.95,508.75,514.3,232696
FRETAIL,20180315,515.6,564.9,513.8,558.25,4468722
FRETAIL,20180316,560.9,570.5,545.0,548.05,1321942
FRETAIL,20180319,548.0,550.0,525.05,529.45,291090
FRETAIL,20180320,537.0,544.9,530.0,537.65,788541
FRETAIL,20180321,542.0,557.0,530.65,534.75,1110482
FRETAIL,20180322,538.0,543.95,532.6,535.8,389487
FRETAIL,20180323,516.0,547.0,514.2,542.1,482130
FRETAIL,20180326,547.0,555.0,533.55,547.3,313913
FRETAIL,20180327,551.85,575.0,543.1,568.45,455745
FRETAIL,20180328,569.2,569.2,547.25,550.8,356897
FRETAIL,20180402,550.0,564.0,533.5,549.3,156408
FRETAIL,20180403,548.05,557.95,545.0,549.9,404754
FRETAIL,20180404,554.0,562.25,542.0,546.15,370664
FRETAIL,20180405,555.0,557.55,522.6,532.65,416992
FRETAIL,20180406,536.0,554.5,536.0,551.7,224707
FRETAIL,20180409,551.7,560.0,546.5,555.05,101716
FRETAIL,20180410,559.9,562.0,550.55,558.85,197676
FRETAIL,20180411,565.1,578.9,561.0,577.05,975198
FRETAIL,20180412,579.4,607.05,578.0,602.9,1080160
FRETAIL,20180413,603.5,619.7,601.6,610.15,681961
FRETAIL,20180416,598.0,607.85,587.0,594.6,452987
FRETAIL,20180417,595.1,625.0,595.1,616.7,600564
FRETAIL,20180418,616.0,629.3,615.0,626.2,422705
FRETAIL,20180419,627.0,628.9,611.0,615.85,1652045
FRETAIL,20180420,615.0,615.0,583.45,597.9,1499743
FRETAIL,20180423,595.5,609.0,588.7,605.65,257835
FRETAIL,20180424,607.9,616.0,607.0,612.5,125250
FRETAIL,20180425,606.0,637.8,593.0,603.75,3268572
FRETAIL,20180426,606.7,608.9,595.0,596.15,395316
FRETAIL,20180427,600.6,630.0,594.0,618.75,691648
FRETAIL,20180430,623.0,637.75,600.0,603.3,275394
FRETAIL,20180502,606.9,608.0,561.5,596.6,1229952
FRETAIL,20180503,604.0,604.0,582.0,584.45,439424
FRETAIL,20180504,585.35,598.7,575.0,595.2,289376
FRETAIL,20180507,600.3,600.3,577.0,595.0,155992
FRETAIL,20180508,598.0,598.0,581.4,584.45,197670
FRETAIL,20180509,584.0,584.3,570.0,572.2,219818
FRETAIL,20180510,586.85,613.0,572.3,603.85,2163272
FRETAIL,20180511,612.0,620.0,582.0,586.45,551955
FRETAIL,20180514,590.0,590.0,575.0,576.7,183570
FRETAIL,20180515,578.5,589.05,570.1,572.55,156244
FRETAIL,20180516,568.65,588.05,565.05,585.6,165089
FRETAIL,20180517,587.95,592.8,575.0,578.5,254362
FRETAIL,20180518,571.3,577.75,559.0,560.15,501063
FRETAIL,20180521,560.0,560.0,523.0,527.45,599719
FRETAIL,20180522,497.0,548.7,491.25,529.9,1906605
FRETAIL,20180523,529.0,560.95,525.0,552.7,716045
FRETAIL,20180524,550.25,558.0,540.0,551.6,516028
FRETAIL,20180525,550.0,595.0,549.0,587.75,1333030
FRETAIL,20180528,582.3,595.0,576.65,590.05,650363
FRETAIL,20180529,583.55,599.5,583.55,594.2,377447
FRETAIL,20180530,585.0,595.0,585.0,589.95,607970
FRETAIL,20180531,590.15,591.0,578.0,589.1,288253
FRETAIL,20180601,590.0,591.5,581.6,586.9,527009
FRETAIL,20180604,587.55,593.35,581.4,587.0,251554
FRETAIL,20180605,586.0,586.95,538.25,576.35,2003388
FRETAIL,20180606,580.0,580.0,547.0,571.75,1947061
FRETAIL,20180607,569.0,576.0,551.2,570.55,33389843
FRETAIL,20180608,572.8,572.8,557.0,563.15,687731
FRETAIL,20180611,563.55,579.0,563.55,576.65,715613
FRETAIL,20180612,578.9,579.05,573.05,574.9,775312
FRETAIL,20180613,575.0,576.5,552.2,557.85,219496
FRETAIL,20180614,558.7,566.95,552.7,564.8,271692
FRETAIL,20180615,565.0,565.0,541.05,555.9,3672915
FRETAIL,20180618,555.15,566.35,554.85,562.3,238599
FRETAIL,20180619,557.55,565.0,553.25,558.55,222699
FRETAIL,20180620,558.0,559.95,551.2,555.65,117319
FRETAIL,20180621,559.0,560.0,542.0,550.2,375709
FRETAIL,20180622,547.95,577.0,545.0,574.85,485344
FRETAIL,20180625,574.0,575.0,566.55,571.45,227295
FRETAIL,20180626,571.45,571.6,528.0,538.45,300401
FRETAIL,20180627,534.8,550.0,534.75,539.75,404437
FRETAIL,20180628,540.95,564.0,540.0,556.85,277128
FRETAIL,20180629,564.8,578.75,558.0,574.75,503857
FRETAIL,20180702,573.95,579.0,566.0,573.15,266108
FRETAIL,20180703,566.0,572.85,559.25,566.5,215580
FRETAIL,20180704,566.6,568.7,556.25,559.15,110473
FRETAIL,20180705,563.65,563.65,555.1,557.85,746426
FRETAIL,20180706,556.2,562.2,550.55,554.15,289603
FRETAIL,20180709,554.15,566.3,550.25,551.2,140820
FRETAIL,20180710,555.1,557.2,546.75,552.25,491456
FRETAIL,20180711,552.55,565.85,544.15,560.75,506343
FRETAIL,20180712,564.0,573.7,543.0,560.0,974651
FRETAIL,20180713,560.0,567.75,548.3,557.95,871759
FRETAIL,20180716,555.1,557.95,521.55,530.7,841552
FRETAIL,20180717,530.0,547.0,511.7,527.9,905718
FRETAIL,20180718,533.5,539.8,522.5,531.2,764822
FRETAIL,20180719,528.0,531.7,517.65,525.55,705594
FRETAIL,20180720,525.25,539.0,519.0,533.9,879048
FRETAIL,20180723,534.0,537.8,522.0,526.0,298405
FRETAIL,20180724,527.95,529.2,513.65,519.5,1188247
FRETAIL,20180725,521.5,530.0,516.55,521.2,146908
FRETAIL,20180726,518.65,527.9,515.2,521.9,188660
FRETAIL,20180727,524.7,527.8,520.0,520.85,1125363
FRETAIL,20180730,523.75,538.0,522.5,524.55,1959812
FRETAIL,20180731,526.95,539.7,525.05,534.6,1797430
FRETAIL,20180801,535.0,547.95,533.1,540.8,748359
FRETAIL,20180802,538.55,542.75,536.0,537.9,237094
FRETAIL,20180803,536.1,539.95,534.0,535.7,126792
FRETAIL,20180806,533.05,538.95,518.0,520.9,252063
FRETAIL,20180807,522.1,528.8,520.05,524.95,96437
FRETAIL,20180808,524.0,524.8,516.0,520.0,317986
FRETAIL,20180809,522.0,525.45,515.75,517.65,144751
FRETAIL,20180810,515.0,520.0,501.2,508.85,2448902
FRETAIL,20180813,507.6,507.6,451.65,483.3,1300796
FRETAIL,20180814,485.0,500.3,485.0,494.95,450686
FRETAIL,20180816,493.9,514.65,473.3,512.3,829520
FRETAIL,20180817,518.0,527.9,513.0,520.45,801706
FRETAIL,20180820,525.0,529.0,505.55,511.1,741528
FRETAIL,20180821,507.15,525.5,500.55,520.95,579160
FRETAIL,20180823,516.0,534.0,516.0,520.15,1333697
FRETAIL,20180824,517.05,523.95,513.0,519.7,630485
FRETAIL,20180827,540.0,558.0,530.0,547.45,3459754
FRETAIL,20180828,551.45,565.0,545.3,549.65,1112279
FRETAIL,20180829,553.9,558.4,548.1,554.65,474305
FRETAIL,20180830,558.0,558.0,540.3,543.6,201710
FRETAIL,20180831,543.6,558.9,535.35,556.8,594098
FRETAIL,20180903,557.0,580.0,557.0,574.85,1689139
FRETAIL,20180904,578.75,589.5,557.05,566.95,558244
FRETAIL,20180905,560.1,569.7,549.0,558.45,359110
FRETAIL,20180906,564.0,585.0,560.0,580.25,1050881
FRETAIL,20180907,581.15,592.25,575.35,588.4,592115
FRETAIL,20180910,588.4,594.0,580.0,581.55,492625
FRETAIL,20180911,583.0,585.7,556.0,565.8,416702
FRETAIL,20180912,567.9,571.0,555.0,569.6,300730
FRETAIL,20180914,572.0,586.0,566.2,577.0,593587
FRETAIL,20180917,570.0,572.0,551.05,552.65,483092
FRETAIL,20180918,551.9,555.8,536.4,538.8,548079
FRETAIL,20180919,540.9,544.45,530.0,531.65,339204
FRETAIL,20180921,532.0,542.65,490.1,518.1,875264
FRETAIL,20180924,515.55,521.7,501.1,504.35,1164300
FRETAIL,20180925,502.0,506.1,462.25,469.9,1630218
FRETAIL,20180926,474.0,484.4,474.0,482.4,319750
FRETAIL,20180927,483.0,487.3,472.55,475.25,529928
FRETAIL,20180928,478.0,478.8,459.05,466.15,872325
FRETAIL,20181001,464.8,469.45,438.5,444.65,1543624
FRETAIL,20181003,441.0,450.05,423.0,438.3,3844188
FRETAIL,20181004,432.1,459.85,432.1,443.1,1422801
FRETAIL,20181005,446.4,446.4,432.1,436.95,345257
FRETAIL,20181008,436.9,443.0,423.55,428.35,1013783
FRETAIL,20181009,428.4,443.25,425.65,435.3,1090287
FRETAIL,20181010,446.0,462.0,442.05,448.35,1231842
FRETAIL,20181011,443.0,443.0,431.15,434.4,491690
FRETAIL,20181012,440.0,448.0,437.3,443.95,631230
FRETAIL,20181015,446.1,446.1,430.0,433.55,207811
FRETAIL,20181016,436.0,517.7,431.0,494.65,2860836
FRETAIL,20181017,510.0,514.0,491.35,501.2,1391732
FRETAIL,20181019,498.1,505.0,490.2,497.85,491574
FRETAIL,20181022,499.0,520.0,484.3,503.1,854389
FRETAIL,20181023,497.4,511.55,494.0,502.0,398915
FRETAIL,20181024,504.1,507.45,495.2,499.0,196276
FRETAIL,20181025,491.05,495.75,476.1,485.55,322824
FRETAIL,20181026,485.55,488.95,467.55,480.35,269089
FRETAIL,20181029,486.0,499.35,484.25,497.2,295201
FRETAIL,20181030,495.0,507.05,487.7,495.0,267529
FRETAIL,20181031,494.35,499.0,468.5,489.15,871780
FRETAIL,20181101,485.0,513.4,482.7,491.9,1002058
FRETAIL,20181102,493.9,512.0,493.7,503.25,928544
FRETAIL,20181105,510.6,513.4,488.15,495.3,885161
FRETAIL,20181106,494.1,495.4,482.85,486.95,366766
FRETAIL,20181107,491.0,501.65,487.15,494.15,102391
FRETAIL,20181109,499.0,504.05,486.0,491.15,628404
FRETAIL,20181112,494.9,514.0,491.0,508.25,777347
FRETAIL,20181113,511.4,512.95,503.7,506.6,347473
FRETAIL,20181114,510.0,532.9,501.1,528.55,1549078
FRETAIL,20181115,525.0,537.5,514.0,528.15,1571290
FRETAIL,20181116,532.9,540.0,531.05,534.45,811705
FRETAIL,20181119,537.9,539.6,520.0,526.3,333087
FRETAIL,20181120,522.7,525.0,513.55,520.45,381189
FRETAIL,20181121,518.7,530.85,515.0,522.4,801866
FRETAIL,20181122,520.7,534.0,520.1,531.65,415563
FRETAIL,20181126,535.0,538.0,526.95,528.6,392405
FRETAIL,20181127,536.0,540.9,522.25,526.0,502764
FRETAIL,20181128,529.75,534.4,517.75,525.5,1040109
FRETAIL,20181129,531.05,535.0,494.65,504.1,919586
FRETAIL,20181130,508.0,534.95,507.0,525.9,2911859
FRETAIL,20181203,529.15,533.4,516.55,523.4,605332
FRETAIL,20181204,524.6,529.45,520.7,524.35,963431
FRETAIL,20181205,523.7,527.0,519.9,521.7,487452
FRETAIL,20181206,520.0,522.5,507.1,510.55,572460
FRETAIL,20181207,511.85,514.7,508.85,512.8,255497
FRETAIL,20181210,508.7,515.0,500.65,506.5,456080
FRETAIL,20181211,500.0,509.4,495.5,505.05,442078
FRETAIL,20181212,506.0,526.0,506.0,523.85,272734
FRETAIL,20181213,526.0,529.45,515.05,526.0,260047
FRETAIL,20181214,525.0,544.0,519.5,540.75,545210
FRETAIL,20181217,544.1,550.0,533.05,543.3,2426535
FRETAIL,20181218,541.25,549.4,535.0,548.15,424822
FRETAIL,20181219,550.0,550.0,540.0,542.9,288688
FRETAIL,20181220,537.9,550.0,529.3,548.15,443006
FRETAIL,20181221,550.0,565.9,536.85,561.7,788039
FRETAIL,20181224,562.0,575.0,558.0,564.8,575556
FRETAIL,20181226,556.0,563.5,538.6,543.4,448654
FRETAIL,20181227,543.4,544.85,505.3,512.65,1837550
FRETAIL,20181228,510.0,523.0,483.55,511.7,2379040
FRETAIL,20181231,511.0,517.0,497.0,501.9,509688
FRETAIL,20190101,500.5,507.0,490.0,495.5,632995
FRETAIL,20190102,492.0,499.0,463.0,468.5,915897
FRETAIL,20190103,468.5,476.9,454.25,460.0,1157587
FRETAIL,20190104,465.0,468.0,441.25,448.0,2040748
FRETAIL,20190107,456.85,461.7,447.65,458.6,753321
FRETAIL,20190108,461.45,466.0,456.55,462.1,398973
FRETAIL,20190109,465.7,465.7,451.0,453.9,430557
FRETAIL,20190110,451.0,458.95,446.0,449.4,409283
FRETAIL,20190111,451.0,452.7,435.0,440.2,731017
FRETAIL,20190114,437.05,447.7,432.0,441.6,378126
FRETAIL,20190115,444.85,449.0,440.0,447.95,324323
FRETAIL,20190116,449.3,464.0,446.9,457.5,475218
FRETAIL,20190117,457.95,460.9,452.0,455.7,163700
FRETAIL,20190118,453.05,455.9,445.0,447.25,257007
FRETAIL,20190121,448.0,448.9,417.1,422.7,592626
FRETAIL,20190122,428.7,460.0,426.0,440.25,969696
FRETAIL,20190123,440.55,444.5,440.0,441.05,194617
FRETAIL,20190124,442.85,444.7,431.65,441.15,714548
FRETAIL,20190125,442.85,443.0,440.0,440.45,195788
FRETAIL,20190128,440.0,441.9,439.0,439.2,726402
FRETAIL,20190129,439.0,439.5,423.1,435.25,394840
FRETAIL,20190130,435.95,437.7,419.2,424.0,1106634
FRETAIL,20190131,425.1,432.75,419.25,429.7,1190185
FRETAIL,20190201,430.2,435.3,423.25,427.6,658254
FRETAIL,20190204,431.9,451.95,428.9,445.75,988282
FRETAIL,20190205,453.0,455.9,430.0,434.6,1007420
FRETAIL,20190206,436.4,444.7,434.1,440.5,628399
FRETAIL,20190207,440.5,443.8,425.3,431.7,280369
FRETAIL,20190208,431.8,432.3,420.7,427.05,490648
FRETAIL,20190211,423.0,424.65,415.55,421.35,801606
FRETAIL,20190212,418.05,436.9,418.05,432.45,545370
FRETAIL,20190213,435.15,443.7,433.0,437.15,247306
FRETAIL,20190214,438.9,442.1,435.15,440.75,127896
FRETAIL,20190215,438.5,441.9,434.3,438.15,175931
FRETAIL,20190218,433.15,441.8,422.0,426.75,143139
FRETAIL,20190219,429.8,434.35,422.1,424.45,101152
FRETAIL,20190220,425.15,434.95,425.05,432.5,147015
FRETAIL,20190221,432.5,434.6,427.8,430.0,113954
FRETAIL,20190222,430.0,434.0,425.6,427.4,75208
FRETAIL,20190225,429.5,433.15,420.7,421.15,339073
FRETAIL,20190226,420.0,429.0,402.0,415.55,1944344
FRETAIL,20190227,410.4,423.5,401.1,410.6,2693307
FRETAIL,20190228,418.4,434.0,415.25,423.6,1701073
FRETAIL,20190301,431.7,436.8,424.4,433.9,803660
FRETAIL,20190305,433.5,439.85,428.0,436.85,733477
FRETAIL,20190306,435.15,447.15,435.15,441.45,473541
FRETAIL,20190307,442.0,459.0,442.0,449.75,1140939
FRETAIL,20190308,449.0,455.35,442.0,447.85,308649
FRETAIL,20190311,448.0,451.9,439.0,444.45,695957
FRETAIL,20190312,447.6,454.9,443.0,445.4,491039
FRETAIL,20190313,447.45,447.45,435.0,436.6,423959
FRETAIL,20190314,436.0,439.0,425.05,436.25,411101
FRETAIL,20190315,437.05,449.1,432.5,445.8,623551
FRETAIL,20190318,446.65,450.9,433.0,435.7,1513463
FRETAIL,20190319,437.65,440.0,435.35,437.95,172563
FRETAIL,20190320,438.75,438.75,429.15,432.8,217008
FRETAIL,20190322,434.65,445.95,432.5,443.0,156426
FRETAIL,20190325,440.95,444.0,436.0,440.1,148393
FRETAIL,20190326,441.9,463.9,441.65,458.3,805630
FRETAIL,20190327,460.1,465.95,452.3,464.25,486520
FRETAIL,20190328,467.95,467.95,450.5,455.1,442499
FRETAIL,20190329,456.0,461.55,451.7,453.85,229937
FRETAIL,20190401,455.25,473.85,455.0,466.4,696529
FRETAIL,20190402,468.0,471.65,462.0,467.0,675981
FRETAIL,20190403,468.5,471.0,459.1,465.45,316230
FRETAIL,20190404,462.05,464.9,446.45,451.1,496711
FRETAIL,20190405,452.0,459.8,443.0,445.6,223387
FRETAIL,20190408,453.4,453.4,438.0,439.4,210775
FRETAIL,20190409,440.65,440.9,425.65,429.65,411450
FRETAIL,20190410,429.0,432.7,425.1,427.1,538333
FRETAIL,20190411,427.15,435.0,425.05,426.85,161328
FRETAIL,20190412,426.9,430.0,418.0,422.25,457861
FRETAIL,20190415,424.15,435.0,421.3,428.95,331357
FRETAIL,20190416,431.0,434.85,428.1,430.6,143601
FRETAIL,20190418,430.0,435.15,425.1,430.0,291199
FRETAIL,20190422,428.0,435.95,422.45,427.4,184201
FRETAIL,20190423,428.0,430.95,422.45,425.3,120327
FRETAIL,20190424,426.9,429.9,420.5,423.25,132409
FRETAIL,20190425,427.85,428.85,415.95,420.05,421436
FRETAIL,20190426,420.5,431.0,420.5,422.2,187089
FRETAIL,20190430,422.2,427.0,412.0,420.2,354478
FRETAIL,20190502,416.6,425.0,416.6,421.0,212563
FRETAIL,20190503,418.1,423.1,416.5,419.15,182855
FRETAIL,20190506,415.05,418.85,403.0,404.35,336863
FRETAIL,20190507,406.65,419.9,398.0,410.3,549114
FRETAIL,20190508,408.5,419.0,405.0,409.65,269636
FRETAIL,20190509,409.6,420.3,407.65,413.3,197350
FRETAIL,20190510,414.5,423.0,414.4,418.8,203102
FRETAIL,20190513,417.0,424.4,416.2,418.55,161774
FRETAIL,20190514,419.0,428.35,419.0,425.95,195812
FRETAIL,20190515,426.2,435.0,422.6,431.8,230469
FRETAIL,20190516,431.8,435.0,421.0,430.65,163363
FRETAIL,20190517,430.65,439.9,425.5,431.4,152947
FRETAIL,20190520,438.0,446.95,437.9,442.25,269754
FRETAIL,20190521,443.95,445.0,429.0,438.65,271846
FRETAIL,20190522,438.7,446.25,435.0,435.55,137434
FRETAIL,20190523,437.9,454.9,437.05,444.65,393354
FRETAIL,20190524,446.95,451.65,437.0,440.2,332988
FRETAIL,20190527,452.55,469.0,448.1,449.95,639746
FRETAIL,20190528,451.05,459.0,443.0,446.55,255702
FRETAIL,20190529,446.95,454.7,441.35,446.6,465620
FRETAIL,20190530,446.6,454.3,440.05,442.55,386792
FRETAIL,20190531,441.25,450.0,441.25,449.65,375528
FRETAIL,20190603,453.35,460.0,446.0,456.35,243096
FRETAIL,20190604,457.85,457.85,449.3,452.75,282700
FRETAIL,20190606,450.25,458.0,450.25,455.3,449124
FRETAIL,20190607,455.2,461.0,450.85,458.65,325702
FRETAIL,20190610,461.0,471.8,457.15,469.35,408318
FRETAIL,20190611,472.0,480.0,470.0,476.35,288606
FRETAIL,20190612,478.0,485.0,467.85,471.65,278341
FRETAIL,20190613,466.5,474.55,455.1,460.15,206110
FRETAIL,20190614,457.0,466.1,452.1,457.4,172284
FRETAIL,20190617,455.0,481.0,448.3,454.1,364462
FRETAIL,20190618,452.1,472.35,452.1,460.1,582354
FRETAIL,20190619,465.65,477.8,453.2,457.85,364319
FRETAIL,20190620,460.7,476.4,458.6,471.4,254624
FRETAIL,20190621,479.95,479.95,464.9,471.7,262989
FRETAIL,20190624,478.55,478.55,466.0,469.1,180023
FRETAIL,20190625,473.0,480.95,463.8,477.65,244616
FRETAIL,20190626,473.0,486.5,471.7,483.55,375211
FRETAIL,20190627,484.65,486.95,476.0,479.4,70327
FRETAIL,20190628,476.6,489.45,476.2,484.95,179386
FRETAIL,20190701,483.5,488.0,476.5,480.4,60973
FRETAIL,20190702,482.9,484.6,470.6,481.95,77380
FRETAIL,20190703,483.65,484.8,468.2,471.15,172804
FRETAIL,20190704,471.15,474.0,464.3,471.4,76393
FRETAIL,20190705,473.2,473.2,465.0,469.0,67009
FRETAIL,20190708,467.85,469.8,445.55,464.9,439950
FRETAIL,20190709,461.0,480.0,459.05,478.45,418977
FRETAIL,20190710,478.45,482.5,470.0,471.25,139224
FRETAIL,20190711,473.65,474.95,466.3,469.6,37091
FRETAIL,20190712,469.65,474.05,467.5,471.55,29981
FRETAIL,20190715,476.8,480.0,446.0,450.55,797392
FRETAIL,20190716,451.6,456.25,433.05,437.95,589113
FRETAIL,20190717,439.8,445.0,422.8,428.25,281815
FRETAIL,20190718,428.1,433.45,420.5,424.05,69675
FRETAIL,20190719,426.95,436.9,420.5,424.85,175851
FRETAIL,20190722,417.1,425.0,415.65,420.4,147910
FRETAIL,20190723,420.75,435.05,408.3,413.5,306477
FRETAIL,20190724,414.8,426.0,409.0,423.35,146165
FRETAIL,20190725,421.0,427.9,417.1,425.1,160336
FRETAIL,20190726,422.0,427.9,415.15,425.8,124803
FRETAIL,20190729,425.8,429.7,413.35,423.75,92887
FRETAIL,20190730,428.8,428.8,413.0,420.0,161428
FRETAIL,20190731,420.0,420.0,405.0,412.35,273806
FRETAIL,20190801,413.0,420.2,408.0,412.3,458017
FRETAIL,20190802,408.1,412.0,405.0,407.6,174125
FRETAIL,20190805,405.0,408.2,381.1,400.85,513983
FRETAIL,20190806,400.4,407.0,374.25,393.0,946271
FRETAIL,20190807,396.5,410.6,387.05,407.1,471989
FRETAIL,20190808,403.0,404.8,393.1,400.05,510078
FRETAIL,20190809,397.1,416.0,397.1,403.8,367995
FRETAIL,20190813,407.05,444.0,405.35,413.35,1060031
FRETAIL,20190814,433.0,433.0,405.3,419.85,1291203
FRETAIL,20190816,415.1,423.0,413.0,418.7,284750
FRETAIL,20190819,416.0,421.0,412.35,415.2,77049
FRETAIL,20190820,415.0,416.95,410.25,413.25,168893
FRETAIL,20190821,413.65,425.7,412.05,416.35,978796
FRETAIL,20190822,419.7,424.0,409.5,413.7,516140
FRETAIL,20190823,418.0,424.0,379.0,394.6,5874689
FRETAIL,20190826,396.5,399.5,380.5,397.05,1894735
FRETAIL,20190827,397.6,399.0,388.8,395.4,797272
FRETAIL,20190828,400.0,403.95,389.3,391.0,606326
FRETAIL,20190829,394.0,397.6,390.0,394.55,158864
FRETAIL,20190830,394.6,400.0,388.3,394.7,998908
FRETAIL,20190903,393.6,398.3,388.3,395.7,433301
FRETAIL,20190904,398.1,410.0,393.55,409.45,444708
FRETAIL,20190905,409.45,414.5,399.2,401.7,239982
FRETAIL,20190906,402.0,407.9,398.5,405.6,503737
FRETAIL,20190909,405.6,408.75,399.3,404.05,781114
FRETAIL,20190911,405.05,409.4,404.0,405.6,281764
FRETAIL,20190912,415.0,415.0,400.55,406.85,257067
FRETAIL,20190913,410.0,410.0,405.0,406.5,1107089
FRETAIL,20190916,403.9,404.5,386.35,391.4,248738
FRETAIL,20190917,391.0,400.95,390.1,392.15,226552
FRETAIL,20190918,394.6,397.0,390.25,393.85,87045
FRETAIL,20190919,393.85,394.85,386.0,388.55,260578
FRETAIL,20190920,388.55,406.7,385.05,394.3,2240083
FRETAIL,20190923,398.0,401.0,393.05,397.55,189317
FRETAIL,20190924,399.0,406.0,395.0,398.75,323662
FRETAIL,20190925,398.9,401.9,390.55,393.25,56084
FRETAIL,20190926,394.0,396.0,386.5,390.05,134396
FRETAIL,20190927,391.2,394.4,383.05,386.6,1040399
FRETAIL,20190930,387.9,389.2,372.0,380.8,389304
FRETAIL,20191001,378.2,384.75,374.5,379.2,311511
FRETAIL,20191003,381.05,387.0,378.8,380.55,204552
FRETAIL,20191004,384.4,384.7,379.05,380.8,179175
FRETAIL,20191007,381.5,383.95,376.8,379.4,327771
FRETAIL,20191009,379.4,380.7,372.1,374.55,283078
FRETAIL,20191010,374.55,383.95,360.5,381.55,399194
FRETAIL,20191011,383.0,384.3,367.6,382.35,404939
FRETAIL,20191014,387.0,389.0,380.2,380.95,340841
FRETAIL,20191015,380.0,384.0,370.4,380.05,256306
FRETAIL,20191016,380.0,385.0,379.3,380.8,159949
FRETAIL,20191017,381.2,387.0,380.95,382.3,72691
FRETAIL,20191018,381.2,402.0,381.2,396.8,145969
FRETAIL,20191022,397.0,397.0,378.0,380.55,255508
FRETAIL,20191023,381.0,394.95,378.0,390.1,179544
FRETAIL,20191024,388.0,392.0,380.0,381.25,156892
FRETAIL,20191025,382.45,382.5,378.2,379.95,100950
FRETAIL,20191029,396.8,396.8,380.5,381.55,121382
FRETAIL,20191030,384.45,389.75,381.3,384.65,116310
FRETAIL,20191031,386.8,388.0,379.35,381.35,247006
FRETAIL,20191101,381.5,383.65,377.5,379.35,619327
FRETAIL,20191104,381.0,381.5,377.5,378.8,354326
FRETAIL,20191105,379.0,379.7,373.0,375.0,432776
FRETAIL,20191106,376.0,376.05,356.95,359.15,564202
FRETAIL,20191107,357.0,366.0,351.65,360.35,219007
FRETAIL,20191108,360.4,364.0,351.65,359.5,243337
FRETAIL,20191111,359.5,363.0,356.5,359.95,426015
FRETAIL,20191113,359.9,363.15,345.15,349.0,599285
FRETAIL,20191114,350.25,352.65,341.35,344.45,346063
FRETAIL,20191115,345.0,345.85,323.6,331.95,772620
FRETAIL,20191118,330.0,338.1,327.05,331.7,131175
FRETAIL,20191119,333.5,335.0,323.35,327.7,284958
FRETAIL,20191120,329.0,334.8,324.6,328.05,1193623
FRETAIL,20191121,329.0,334.7,327.4,333.2,206167
FRETAIL,20191122,332.0,334.25,327.1,332.55,262522
FRETAIL,20191125,332.5,336.0,327.0,329.65,303859
FRETAIL,20191126,331.4,333.0,327.3,329.4,708317
FRETAIL,20191127,330.35,331.2,327.0,329.05,209248
FRETAIL,20191128,328.2,330.7,325.0,328.7,390576
FRETAIL,20191129,341.0,389.4,335.0,338.9,2574430
FRETAIL,20191202,344.65,352.0,340.35,341.85,463445
FRETAIL,20191203,342.0,345.5,333.75,341.0,171605
FRETAIL,20191204,340.0,345.25,335.75,344.35,195018
FRETAIL,20191205,347.8,347.8,333.6,339.65,383827
FRETAIL,20191206,341.8,341.8,328.05,333.3,735819
FRETAIL,20191209,335.0,339.0,325.65,337.0,204294
FRETAIL,20191210,338.1,342.0,332.45,338.95,156921
FRETAIL,20191211,342.0,342.0,332.15,335.85,78986
FRETAIL,20191212,336.75,337.95,328.95,331.75,529511
FRETAIL,20191213,335.0,339.0,331.1,332.25,122070
FRETAIL,20191216,333.0,336.95,328.5,331.05,298210
FRETAIL,20191217,330.0,345.0,329.05,335.05,506348
FRETAIL,20191218,335.2,344.5,333.0,342.3,301925
FRETAIL,20191219,343.9,345.0,336.5,339.15,143423
FRETAIL,20191220,339.15,340.7,328.1,330.5,277176
FRETAIL,20191223,334.5,342.35,334.4,340.05,951888
FRETAIL,20191224,344.75,357.4,340.0,348.95,1290546
FRETAIL,20191226,350.9,353.0,342.25,347.25,1032674
FRETAIL,20191227,348.9,355.5,336.7,341.0,865667
FRETAIL,20191230,342.65,351.5,335.7,344.75,917834
FRETAIL,20191231,343.3,348.55,339.0,341.75,387988
FRETAIL,20200101,343.85,344.9,339.5,340.55,240809
FRETAIL,20200102,342.6,343.8,330.0,332.15,613172
FRETAIL,20200103,332.6,336.0,331.1,334.1,792927
FRETAIL,20200106,334.9,338.0,325.6,334.95,416368
FRETAIL,20200107,340.0,347.0,338.5,344.85,1178406
FRETAIL,20200108,342.4,353.75,340.0,351.5,728131
FRETAIL,20200109,352.4,356.0,348.5,353.9,961270
FRETAIL,20200110,356.0,356.4,347.0,351.05,1007538
FRETAIL,20200113,353.0,355.3,345.15,347.75,854134
FRETAIL,20200114,348.9,357.0,347.0,349.7,656955
FRETAIL,20200115,351.5,353.4,343.7,344.85,1241432
FRETAIL,20200116,345.7,351.4,341.55,349.3,573938
FRETAIL,20200117,349.4,352.6,346.4,348.2,952384
FRETAIL,20200120,349.95,351.3,345.15,348.6,826964
FRETAIL,20200121,347.05,348.6,340.0,342.55,1427538
FRETAIL,20200122,345.85,347.95,341.2,342.65,980905
FRETAIL,20200123,344.75,344.75,338.1,339.95,294579
FRETAIL,20200124,342.05,342.05,323.2,334.05,2082704
FRETAIL,20200127,331.0,347.4,330.0,335.0,890820
FRETAIL,20200128,336.7,342.05,329.0,334.2,1081687
FRETAIL,20200129,336.25,341.3,329.5,332.05,293468
FRETAIL,20200130,331.7,333.6,325.55,329.1,854778
FRETAIL,20200131,330.75,333.0,323.6,329.75,1027307
FRETAIL,20200203,327.0,331.85,325.35,329.95,441367
FRETAIL,20200204,331.6,332.2,324.0,327.45,1986788
FRETAIL,20200205,327.1,331.5,324.1,328.45,1378008
FRETAIL,20200206,331.0,344.0,329.15,338.4,972282
FRETAIL,20200207,338.0,348.9,335.3,339.5,1130922
FRETAIL,20200210,340.0,344.8,334.6,341.0,838943
FRETAIL,20200211,343.25,362.7,341.3,354.5,1240218
FRETAIL,20200212,355.4,374.0,352.35,369.95,1426567
FRETAIL,20200213,373.0,382.3,361.4,374.9,1954074
FRETAIL,20200214,378.0,382.0,368.6,375.2,901552
FRETAIL,20200217,375.0,382.0,370.0,376.15,284842
FRETAIL,20200218,376.1,377.2,352.15,363.65,1114058
FRETAIL,20200219,365.0,368.0,351.1,354.15,279411
FRETAIL,20200220,352.85,365.0,340.0,343.1,945546
FRETAIL,20200224,340.85,344.7,333.1,339.5,309711
FRETAIL,20200225,341.2,341.2,326.05,329.9,546594
FRETAIL,20200226,328.8,329.5,316.6,321.25,1413474
FRETAIL,20200227,320.0,321.95,310.0,316.85,707323
FRETAIL,20200228,312.0,313.2,288.35,303.55,461331
FRETAIL,20200302,310.0,312.0,299.1,305.8,940411
FRETAIL,20200303,307.2,313.75,292.8,304.5,505150
FRETAIL,20200304,306.0,310.0,294.25,304.7,916154
FRETAIL,20200305,309.0,309.0,271.65,294.55,1982061
FRETAIL,20200306,286.0,290.0,267.35,289.55,914141
FRETAIL,20200309,276.15,287.45,275.8,285.35,609904
FRETAIL,20200311,285.35,290.3,228.3,265.7,3593699
FRETAIL,20200312,251.0,251.0,212.6,212.6,1082239
FRETAIL,20200313,170.1,170.1,170.1,170.1,274685
FRETAIL,20200316,153.1,153.1,153.1,153.1,1142339
FRETAIL,20200317,137.8,137.8,137.8,137.8,83258
FRETAIL,20200318,124.05,124.05,124.05,124.05,42771
FRETAIL,20200319,117.85,117.85,117.85,117.85,28777
FRETAIL,20200320,112.0,112.0,112.0,112.0,643789
FRETAIL,20200323,106.4,106.4,106.4,106.4,36856
FRETAIL,20200324,101.1,101.1,101.1,101.1,62147
FRETAIL,20200325,96.05,96.05,96.05,96.05,368510
FRETAIL,20200326,91.25,91.25,91.25,91.25,143336
FRETAIL,20200327,86.7,86.7,86.7,86.7,183049
FRETAIL,20200330,82.4,82.4,82.4,82.4,109601
FRETAIL,20200331,78.3,78.3,78.3,78.3,227246
FRETAIL,20200401,74.4,74.4,74.4,74.4,159283
FRETAIL,20200403,70.7,70.7,70.7,70.7,121496
FRETAIL,20200407,67.2,67.2,67.2,67.2,749261
FRETAIL,20200408,63.85,63.85,63.85,63.85,231840
FRETAIL,20200409,60.7,67.0,60.7,66.25,9143952
FRETAIL,20200413,68.4,69.55,67.05,69.55,1886129
FRETAIL,20200415,73.0,73.0,71.4,73.0,1536970
FRETAIL,20200416,76.65,76.65,76.65,76.65,97479
FRETAIL,20200417,80.45,80.45,73.3,80.45,4119152
FRETAIL,20200420,84.45,84.45,84.45,84.45,57059
FRETAIL,20200421,88.65,88.65,88.65,88.65,86781
FRETAIL,20200422,93.05,93.05,93.05,93.05,112506
FRETAIL,20200423,97.7,97.7,89.2,97.7,9599623
FRETAIL,20200424,101.8,102.55,99.0,102.2,5002538
FRETAIL,20200427,101.9,101.9,97.1,97.1,992018
FRETAIL,20200428,92.25,92.25,92.25,92.25,175548
FRETAIL,20200429,87.65,94.5,87.65,89.55,11098574
FRETAIL,20200430,90.0,92.5,85.1,85.1,3493060
FRETAIL,20200504,80.95,83.0,80.85,80.85,1505612
FRETAIL,20200505,78.8,80.4,76.85,76.85,1777908
FRETAIL,20200506,73.7,74.65,73.05,73.05,2200917
FRETAIL,20200507,76.7,76.7,75.55,76.7,605013
FRETAIL,20200508,80.5,80.5,80.5,80.5,73472
FRETAIL,20200511,84.5,84.5,80.5,84.15,6067535
FRETAIL,20200512,84.95,84.95,79.95,81.9,1807170
FRETAIL,20200513,85.95,85.95,81.9,83.4,1718206
FRETAIL,20200514,83.3,83.3,80.3,80.5,562922
FRETAIL,20200515,80.6,81.0,76.95,78.35,881020
FRETAIL,20200518,77.9,78.35,74.45,74.45,788752
FRETAIL,20200519,74.45,74.45,70.75,70.75,1026495
FRETAIL,20200520,70.0,74.25,67.55,71.05,1459086
FRETAIL,20200521,72.5,72.9,69.6,69.95,1119121
FRETAIL,20200522,69.95,70.7,68.0,69.95,1064395
FRETAIL,20200526,72.0,73.4,70.1,73.4,2025461
FRETAIL,20200527,76.9,77.05,75.6,77.05,505094
FRETAIL,20200528,80.9,80.9,80.9,80.9,470970
FRETAIL,20200529,84.9,84.9,81.55,84.8,5559666
FRETAIL,20200601,89.0,89.0,89.0,89.0,940830
FRETAIL,20200602,93.45,93.45,93.45,93.45,155956
FRETAIL,20200603,98.1,98.1,98.1,98.1,201591
FRETAIL,20200604,103.0,103.0,93.65,96.1,7169107
FRETAIL,20200605,100.0,100.9,95.65,100.9,1951179
FRETAIL,20200608,105.9,105.9,100.9,103.05,6078999
FRETAIL,20200609,104.0,104.0,97.9,99.55,3643055
FRETAIL,20200610,97.1,104.5,95.55,104.4,7009961
FRETAIL,20200611,109.6,109.6,105.0,109.6,3344018
FRETAIL,20200612,107.95,115.05,104.15,109.85,9824577
FRETAIL,20200615,112.7,115.0,107.3,111.55,4516912
FRETAIL,20200616,114.0,114.7,106.0,106.0,2698320
FRETAIL,20200617,103.45,106.05,100.7,101.3,2619537
FRETAIL,20200618,100.0,106.35,99.05,106.35,2121582
FRETAIL,20200619,111.65,111.65,111.65,111.65,660262
FRETAIL,20200622,117.2,117.2,117.2,117.2,300776
FRETAIL,20200623,123.05,123.05,123.05,123.05,244948
FRETAIL,20200624,129.2,129.2,125.0,129.2,11201950
FRETAIL,20200625,131.5,135.65,129.5,135.65,3330723
FRETAIL,20200626,142.4,142.4,139.0,142.4,5058480
FRETAIL,20200629,149.5,149.5,135.3,135.6,17178218
FRETAIL,20200630,138.0,138.0,128.85,128.85,6494997
FRETAIL,20200701,132.0,135.25,123.5,135.25,9485819
FRETAIL,20200702,142.0,142.0,139.2,142.0,5166057
FRETAIL,20200703,149.1,149.1,135.5,136.6,12435273
FRETAIL,20200706,136.0,136.5,129.8,129.8,5388657
FRETAIL,20200707,125.1,127.7,123.35,123.35,2442671
FRETAIL,20200708,117.2,119.6,117.2,117.2,1719051
FRETAIL,20200709,111.5,115.0,111.35,111.35,1665259
FRETAIL,20200710,105.8,105.8,105.8,105.8,707063
FRETAIL,20200713,105.0,111.05,105.0,111.05,8295130
FRETAIL,20200714,115.05,116.6,113.3,116.6,5522374
FRETAIL,20200715,121.0,122.4,110.8,110.8,6561612
FRETAIL,20200716,105.3,105.3,105.3,105.3,525096
FRETAIL,20200717,101.0,110.55,101.0,110.55,5832508
FRETAIL,20200720,111.0,115.8,105.05,110.85,6831471
FRETAIL,20200721,113.5,113.9,106.5,107.25,3426756
FRETAIL,20200722,106.65,109.65,105.0,105.7,2200716
FRETAIL,20200723,103.0,104.25,100.45,100.45,3233073
FRETAIL,20200724,97.1,98.0,95.45,95.45,3404705
FRETAIL,20200727,99.8,100.2,97.4,100.2,7634307
FRETAIL,20200728,105.2,105.2,105.2,105.2,1516266
FRETAIL,20200729,110.45,110.45,110.45,110.45,944606
FRETAIL,20200730,115.95,115.95,115.95,115.95,512173
FRETAIL,20200731,115.8,115.8,110.2,110.2,16129795
FRETAIL,20200803,106.0,109.0,104.7,104.7,2548499
FRETAIL,20200804,101.65,109.9,100.15,109.35,9822081
FRETAIL,20200805,109.95,112.2,105.65,106.95,6642360
FRETAIL,20200806,111.4,111.4,107.0,107.65,4248491
FRETAIL,20200807,108.25,112.7,107.05,108.7,5555218
FRETAIL,20200810,112.5,112.5,107.0,107.4,3811743
FRETAIL,20200811,108.8,108.8,104.5,104.85,2732495
FRETAIL,20200812,103.0,108.0,102.0,104.0,3414088
FRETAIL,20200813,105.1,107.0,103.75,104.5,3368817
FRETAIL,20200814,105.3,105.95,102.5,103.3,2208642
FRETAIL,20200817,103.3,104.9,98.6,100.05,3442146
FRETAIL,20200818,100.05,102.85,98.65,99.75,4812709
FRETAIL,20200819,101.5,119.7,100.0,119.05,35884578
FRETAIL,20200820,121.7,134.9,113.4,127.65,36660468
FRETAIL,20200821,128.7,136.7,113.0,122.35,29946603
FRETAIL,20200824,118.0,119.15,111.6,114.15,14042033
FRETAIL,20200825,122.0,125.0,117.2,119.25,11294570
FRETAIL,20200826,119.75,120.45,115.4,117.45,6658201
FRETAIL,20200827,125.0,133.85,120.3,130.1,28266946
FRETAIL,20200828,135.0,140.35,132.65,135.3,34085907
FRETAIL,20200831,162.35,162.35,152.0,162.35,105278521
FRETAIL,20200901,165.0,167.9,146.15,146.15,24974411
FRETAIL,20200902,134.6,136.45,131.55,131.55,5383352
FRETAIL,20200903,119.4,121.5,118.4,118.4,9690365
FRETAIL,20200904,112.5,112.5,112.5,112.5,2783464
FRETAIL,20200907,106.9,106.9,106.9,106.9,1638503
FRETAIL,20200908,101.6,101.6,101.6,101.6,3924711
FRETAIL,20200909,96.55,96.55,96.55,96.55,2194167
FRETAIL,20200910,95.25,101.35,95.25,101.35,14204494
FRETAIL,20200911,105.4,106.4,104.0,106.4,2411561
FRETAIL,20200914,107.45,107.45,101.1,101.1,9364060
FRETAIL,20200915,98.3,105.4,96.55,103.85,9090438
FRETAIL,20200916,103.85,105.5,101.05,102.75,3168309
FRETAIL,20200917,101.0,102.0,99.5,99.9,3459675
FRETAIL,20200918,101.55,101.85,99.0,100.3,3195539
FRETAIL,20200921,98.0,99.85,95.3,95.3,3441673
FRETAIL,20200922,92.35,94.5,90.55,90.95,3883783
FRETAIL,20200923,94.0,94.0,86.45,86.7,4924105
FRETAIL,20200924,84.0,84.7,82.4,82.4,2033312
FRETAIL,20200925,80.8,86.5,78.35,86.5,8325576
FRETAIL,20200928,88.0,90.8,86.6,90.8,1868964
FRETAIL,20200929,94.0,95.3,91.55,94.8,8120834
FRETAIL,20200930,93.8,93.8,90.1,90.1,2542644
FRETAIL,20201001,90.1,91.8,86.55,90.2,5645319
FRETAIL,20201005,89.0,91.85,88.1,89.2,2823977
FRETAIL,20201006,89.45,91.0,89.2,89.95,2003527
FRETAIL,20201007,90.55,90.55,88.0,88.25,1477929
FRETAIL,20201008,80.3,86.7,80.0,83.45,4811398
FRETAIL,20201009,80.55,83.7,77.65,78.3,5382902
FRETAIL,20201012,77.0,77.25,70.9,71.3,7415573
FRETAIL,20201013,70.0,78.0,66.55,76.0,11488223
FRETAIL,20201014,75.85,76.3,73.0,75.25,3117406
FRETAIL,20201015,76.0,77.4,73.2,74.7,2934130
FRETAIL,20201016,74.0,75.65,73.5,73.65,1428702
FRETAIL,20201019,73.8,74.75,70.5,71.7,2051057
FRETAIL,20201020,71.2,74.4,69.5,72.4,3587970
FRETAIL,20201021,73.75,75.5,73.15,74.75,4003579
FRETAIL,20201022,74.8,76.0,74.1,75.2,3493641
FRETAIL,20201023,76.2,78.95,76.2,77.8,5525954
FRETAIL,20201026,75.0,76.85,71.2,73.8,4776374
FRETAIL,20201027,73.8,74.0,71.5,72.1,2372585
FRETAIL,20201028,71.1,71.1,69.0,69.4,3376373
FRETAIL,20201029,67.0,72.5,66.2,71.2,4115773
FRETAIL,20201030,73.95,73.95,70.85,71.15,2141428
FRETAIL,20201102,74.55,74.55,70.15,70.9,1750502
FRETAIL,20201103,70.9,71.8,70.0,70.3,1460875
FRETAIL,20201104,70.3,71.35,69.2,70.05,1475820
FRETAIL,20201105,70.05,70.75,68.1,69.1,1723635
FRETAIL,20201106,69.6,69.7,68.3,68.7,1796986
FRETAIL,20201109,68.75,69.4,67.5,67.8,1811758
FRETAIL,20201110,68.0,69.75,67.15,67.7,2849784
FRETAIL,20201111,67.7,68.95,67.5,67.9,1978392
FRETAIL,20201112,68.65,68.65,67.8,68.0,1991076
FRETAIL,20201113,68.3,68.5,67.6,68.0,1771965
FRETAIL,20201117,68.5,71.3,67.55,68.35,6986162
FRETAIL,20201118,68.4,69.0,67.7,67.95,2509846
FRETAIL,20201119,68.0,73.4,67.6,71.6,13883033
FRETAIL,20201120,73.0,74.35,70.1,72.05,7479031
FRETAIL,20201123,79.25,79.25,78.1,79.25,10537993
FRETAIL,20201124,87.15,87.15,87.15,87.15,1564383
FRETAIL,20201125,91.5,91.5,91.5,91.5,1602809
FRETAIL,20201126,90.9,90.9,86.95,86.95,3116054
FRETAIL,20201127,82.65,82.65,82.65,82.65,842037
FRETAIL,20201201,78.55,78.55,78.55,78.55,1929640
FRETAIL,20201202,79.65,81.2,76.55,77.2,7397827
FRETAIL,20201203,75.2,78.5,75.2,76.9,4734355
FRETAIL,20201204,77.9,78.0,76.4,76.9,2375432
FRETAIL,20201207,77.0,77.5,76.5,76.9,2415558
FRETAIL,20201208,77.7,77.7,76.05,76.9,2369140
FRETAIL,20201209,77.0,80.7,76.65,80.7,2811589
FRETAIL,20201210,82.0,82.3,77.7,78.95,4291782
FRETAIL,20201211,78.8,81.0,78.4,79.6,2821301
FRETAIL,20201214,81.0,81.35,79.5,80.05,1889032
FRETAIL,20201215,80.05,80.8,78.1,78.9,1552998
FRETAIL,20201216,80.9,81.1,79.15,79.4,1617158
FRETAIL,20201217,79.3,79.8,78.5,78.95,1532166
FRETAIL,20201218,79.3,79.3,77.5,77.8,1789392
FRETAIL,20201221,81.65,81.65,73.95,74.05,12310669
FRETAIL,20201222,71.9,72.4,70.35,71.5,5214970
FRETAIL,20201223,74.15,75.05,72.4,75.05,3755181
FRETAIL,20201224,77.4,78.35,76.15,77.05,2862431
FRETAIL,20201228,78.2,78.4,77.1,77.2,1720780
FRETAIL,20201229,77.0,77.35,75.7,76.4,1429636
FRETAIL,20201230,77.55,77.55,76.6,77.25,1370522
FRETAIL,20201231,77.8,80.0,77.3,78.7,2412922
FRETAIL,20210101,79.95,79.95,78.5,79.05,1286849
FRETAIL,20210104,79.5,79.5,77.5,77.75,1940814
FRETAIL,20210105,76.0,78.4,76.0,77.4,1676296
FRETAIL,20210106,76.9,77.55,76.0,76.2,1758388
FRETAIL,20210107,76.6,76.6,75.1,75.25,1590529
FRETAIL,20210108,75.45,76.25,75.3,75.45,1174033
FRETAIL,20210111,76.55,76.7,75.5,75.9,1452369
FRETAIL,20210112,75.0,78.8,74.3,76.15,2418996
FRETAIL,20210113,76.9,77.3,75.15,75.65,1252490
FRETAIL,20210114,76.2,76.2,74.5,75.0,1066876
FRETAIL,20210115,74.8,75.2,74.0,74.25,1243832
FRETAIL,20210118,75.3,75.3,73.3,74.0,1147408
FRETAIL,20210119,73.85,74.95,73.85,74.1,982406
FRETAIL,20210120,74.35,77.8,73.9,76.85,1841781
FRETAIL,20210121,80.65,80.65,80.65,80.65,4060010
FRETAIL,20210122,81.0,84.65,80.65,84.65,5099185
FRETAIL,20210125,87.85,88.85,80.45,81.2,10360282
FRETAIL,20210127,78.5,79.35,77.15,77.15,3070479
FRETAIL,20210128,75.25,81.0,74.1,78.4,3546698
FRETAIL,20210129,81.0,81.0,78.65,79.15,2203046
FRETAIL,20210201,79.05,80.45,79.05,79.5,1795602
FRETAIL,20210202,80.0,83.45,78.15,81.65,3494286
FRETAIL,20210203,77.6,77.6,77.6,77.6,1444776
FRETAIL,20210204,73.75,75.0,73.75,73.75,3195656
FRETAIL,20210205,70.05,76.7,70.0,74.05,6235696
FRETAIL,20210208,74.3,74.5,73.0,73.2,1985570
FRETAIL,20210209,80.5,80.5,78.0,80.5,13528174
FRETAIL,20210210,80.5,81.4,75.75,77.25,5496943
FRETAIL,20210211,76.45,78.5,76.05,77.25,2901218
FRETAIL,20210212,77.25,77.9,76.0,76.45,1978817
FRETAIL,20210215,79.0,79.35,77.6,77.9,2147254
FRETAIL,20210216,78.9,78.9,76.3,76.6,1998254
FRETAIL,20210217,76.6,77.0,75.1,75.45,1912680
FRETAIL,20210218,76.0,77.3,75.0,75.35,2408120
FRETAIL,20210219,75.9,80.2,75.0,76.05,4196299
FRETAIL,20210222,77.3,77.5,68.45,71.15,7693801
FRETAIL,20210223,71.15,72.0,68.6,69.4,5256673
FRETAIL,20210224,70.5,70.9,69.5,70.15,1361865
FRETAIL,20210225,70.45,70.85,69.65,70.5,2429217
FRETAIL,20210226,69.25,70.25,69.1,69.65,2821003
FRETAIL,20210301,70.0,70.4,69.05,69.35,1919671
FRETAIL,20210302,69.4,70.0,69.0,69.1,2233424
FRETAIL,20210303,69.3,69.8,68.6,69.0,2044739
FRETAIL,20210304,69.05,71.5,68.85,69.55,3402855
FRETAIL,20210305,69.5,70.15,68.85,68.95,1944386
FRETAIL,20210308,69.75,69.8,68.5,68.6,1521182
FRETAIL,20210309,68.65,69.0,67.1,67.95,1937059
FRETAIL,20210310,68.4,71.2,67.75,69.0,3612982
FRETAIL,20210312,69.5,69.85,68.35,68.65,2424120
FRETAIL,20210315,69.0,69.35,66.1,66.95,2817007
FRETAIL,20210316,67.05,67.85,66.5,66.55,1991127
FRETAIL,20210317,66.8,66.9,64.15,64.55,2624549
FRETAIL,20210318,64.5,66.3,60.55,62.1,3854733
FRETAIL,20210319,55.9,57.0,55.9,55.9,4173557
FRETAIL,20210322,53.6,61.45,50.65,59.4,22146864
FRETAIL,20210323,60.75,60.85,57.5,57.75,4991857
FRETAIL,20210324,57.6,57.6,54.5,54.65,3617855
FRETAIL,20210325,54.6,54.65,50.75,51.35,4596655
FRETAIL,20210326,51.2,51.95,47.0,47.2,8171266
FRETAIL,20210330,47.2,47.5,44.85,44.85,3835506
FRETAIL,20210331,43.2,43.9,42.65,42.65,1596677
FRETAIL,20210401,41.45,44.75,40.55,44.75,4458582
FRETAIL,20210405,46.95,46.95,46.5,46.95,762792
FRETAIL,20210406,49.25,49.25,49.25,49.25,316961
FRETAIL,20210407,51.7,51.7,51.7,51.7,340942
FRETAIL,20210408,52.65,52.65,49.15,50.25,9625188
FRETAIL,20210409,49.95,51.65,47.8,49.6,5574095
FRETAIL,20210412,50.35,50.4,47.15,47.15,2906893
FRETAIL,20210413,46.5,48.0,45.1,47.75,3037104
FRETAIL,20210415,46.5,47.45,45.8,46.3,1743436
FRETAIL,20210416,46.95,48.4,46.3,48.2,3138615
FRETAIL,20210419,48.0,50.3,47.05,47.75,5292892
FRETAIL,20210420,48.55,48.55,47.4,47.7,1564787
FRETAIL,20210422,48.55,49.45,48.25,48.9,2318619
FRETAIL,20210423,49.5,49.5,48.5,49.0,1952231
FRETAIL,20210426,49.55,51.45,49.4,51.45,2455534
FRETAIL,20210427,53.0,54.0,52.0,54.0,1363818
FRETAIL,20210428,56.7,56.7,51.6,52.05,7122774
FRETAIL,20210429,52.8,53.25,50.1,51.3,3094190
FRETAIL,20210430,51.4,52.45,49.25,51.1,3981346
FRETAIL,20210503,51.75,52.4,50.35,51.5,1974902
FRETAIL,20210504,52.0,52.4,50.0,50.25,2742353
FRETAIL,20210505,47.75,48.8,47.75,47.75,3360421
FRETAIL,20210506,45.85,46.95,45.4,45.55,4902762
FRETAIL,20210507,46.0,47.8,45.7,46.8,3473635
FRETAIL,20210510,47.0,47.25,45.25,45.75,2547845
FRETAIL,20210511,45.6,46.55,45.0,45.85,2254877
FRETAIL,20210512,45.95,46.4,45.6,45.9,2069934
FRETAIL,20210514,46.0,46.2,45.05,45.45,2295551
FRETAIL,20210517,45.15,45.7,44.6,44.8,2147807
FRETAIL,20210518,45.0,45.55,44.8,45.05,2263219
FRETAIL,20210519,45.05,45.55,45.0,45.05,1807834
FRETAIL,20210520,45.5,45.85,45.0,45.15,1923481
FRETAIL,20210521,45.5,47.4,45.1,45.95,5683633
FRETAIL,20210524,46.5,47.05,45.95,46.7,2366181
FRETAIL,20210525,46.75,47.5,45.85,46.0,1822206
FRETAIL,20210526,46.0,46.4,45.7,45.95,1551886
FRETAIL,20210527,46.15,46.15,45.3,45.6,1544701
FRETAIL,20210528,45.6,45.75,45.25,45.45,1781934
FRETAIL,20210531,45.95,47.7,45.3,47.7,3438699
FRETAIL,20210601,49.4,49.75,46.35,47.7,4441744
FRETAIL,20210602,47.5,50.05,46.95,50.0,5328921
FRETAIL,20210603,50.85,52.5,50.1,52.5,2943603
FRETAIL,20210604,54.25,55.1,53.0,55.1,8737147
FRETAIL,20210607,55.3,57.45,52.15,53.2,7695021
FRETAIL,20210608,54.95,54.95,51.4,53.3,3403238
FRETAIL,20210609,53.3,54.4,52.0,52.55,2746467
FRETAIL,20210610,52.95,55.4,52.85,54.6,3794824
FRETAIL,20210611,55.25,60.05,54.65,60.05,11678211
FRETAIL,20210614,63.3,66.05,58.1,66.05,12594270
FRETAIL,20210615,69.0,72.65,68.55,72.65,7478924
FRETAIL,20210616,76.25,76.25,69.05,69.05,13024857
FRETAIL,20210617,65.6,65.6,65.6,65.6,529448
FRETAIL,20210618,62.5,66.7,62.35,65.2,15770725
FRETAIL,20210621,66.5,68.45,63.6,68.45,5376293
FRETAIL,20210622,70.35,71.85,66.3,67.15,8831251
FRETAIL,20210623,67.95,69.2,65.6,67.25,2701383
FRETAIL,20210624,67.9,68.15,66.0,66.95,2118467
FRETAIL,20210625,66.8,67.8,64.0,65.25,2898500
FRETAIL,20210628,65.5,67.2,65.0,65.3,1332524
FRETAIL,20210629,65.0,65.95,63.4,63.7,1818570
FRETAIL,20210630,64.35,66.85,63.15,65.85,3444578
FRETAIL,20210701,66.5,66.75,64.2,64.7,1718140
FRETAIL,20210702,65.0,67.2,64.2,65.7,1886458
FRETAIL,20210705,66.4,66.45,65.0,65.05,1138520
FRETAIL,20210706,65.05,66.8,63.8,63.95,2456658
FRETAIL,20210707,65.0,65.0,62.8,63.15,1334580
FRETAIL,20210708,62.9,65.2,62.1,62.45,1778290
FRETAIL,20210709,62.85,64.4,62.6,63.45,1712049
FRETAIL,20210712,64.4,66.6,63.7,66.6,5155025
FRETAIL,20210713,67.3,67.3,65.0,65.15,1522045
FRETAIL,20210714,65.25,66.0,62.6,63.25,2169711
FRETAIL,20210715,63.25,64.55,62.5,63.2,2151183
FRETAIL,20210716,63.5,63.7,62.85,63.0,1065137
FRETAIL,20210719,63.0,63.95,62.85,63.35,1527653
FRETAIL,20210720,63.2,63.5,60.25,60.9,1409061
FRETAIL,20210722,60.5,63.8,60.25,63.4,2867146
FRETAIL,20210723,64.5,65.5,62.5,63.05,2173810
FRETAIL,20210726,63.05,63.6,62.15,62.25,912857
FRETAIL,20210727,62.4,62.7,60.55,60.8,1039894
FRETAIL,20210728,60.4,61.85,58.05,59.9,1613242
FRETAIL,20210729,59.25,62.0,59.25,60.45,1596161
FRETAIL,20210730,60.05,62.0,59.8,61.15,1760928
FRETAIL,20210802,62.3,62.7,61.05,62.3,1504430
FRETAIL,20210803,62.3,62.8,61.1,61.35,995834
FRETAIL,20210804,61.95,62.85,60.15,60.3,1042856
FRETAIL,20210805,60.15,60.8,57.3,58.35,1606278
FRETAIL,20210806,62.8,63.5,52.55,52.55,16437214
FRETAIL,20210809,47.65,48.4,47.3,47.3,3117945
FRETAIL,20210810,43.05,52.0,43.05,50.35,20975465
FRETAIL,20210811,51.9,51.9,47.1,49.0,3769377
FRETAIL,20210812,49.6,51.6,48.65,49.95,2273946
FRETAIL,20210813,49.95,50.35,49.0,49.15,1331015
FRETAIL,20210816,49.1,49.1,47.05,47.55,1903206
FRETAIL,20210817,48.0,48.0,45.3,45.7,1486901
FRETAIL,20210818,44.7,47.5,44.0,45.25,2282202
FRETAIL,20210820,45.25,46.55,44.4,44.65,1259628
FRETAIL,20210823,45.0,45.55,42.15,42.6,1486575
FRETAIL,20210824,42.65,44.0,42.65,43.45,1037948
FRETAIL,20210825,44.25,45.35,43.45,44.35,946353
FRETAIL,20210826,44.9,46.25,44.65,45.45,1092162
FRETAIL,20210827,45.9,46.0,44.9,45.15,575729
FRETAIL,20210830,45.9,46.0,45.05,45.15,822121
FRETAIL,20210831,45.3,45.75,43.6,44.3,1214955
FRETAIL,20210901,44.3,45.2,43.75,44.6,943414
FRETAIL,20210902,44.45,46.2,44.45,45.35,1293913
FRETAIL,20210903,45.3,45.8,44.8,45.1,947199
FRETAIL,20210906,46.0,47.2,45.2,46.25,1781912
FRETAIL,20210907,46.5,46.7,45.0,45.75,828964
FRETAIL,20210908,45.85,46.5,45.55,45.95,867917
FRETAIL,20210909,48.95,50.5,48.1,50.5,9525122
FRETAIL,20210913,52.0,52.65,48.0,48.3,3597403
FRETAIL,20210914,47.95,48.45,46.8,47.3,2828270
FRETAIL,20210915,47.8,48.5,47.25,47.9,1347129
FRETAIL,20210916,48.15,48.65,47.35,48.2,1364518
FRETAIL,20210917,48.5,48.75,47.0,47.35,2069791
FRETAIL,20210920,47.8,48.75,47.0,47.1,1483280
FRETAIL,20210921,48.0,48.1,46.65,47.1,997778
FRETAIL,20210922,47.15,48.05,47.15,47.65,885924
FRETAIL,20210923,48.45,48.45,47.6,47.95,861472
FRETAIL,20210924,48.0,48.45,47.4,47.55,915249
FRETAIL,20210927,47.95,47.95,47.0,47.05,823708
FRETAIL,20210928,47.9,51.75,47.3,51.75,2948968
FRETAIL,20210929,56.9,56.9,53.5,54.0,9025538
FRETAIL,20210930,54.4,54.4,51.7,51.85,2031042
FRETAIL,20211001,51.85,52.7,50.6,52.0,1914474
FRETAIL,20211004,54.0,54.0,51.55,51.85,2041857
FRETAIL,20211005,51.3,52.75,51.05,51.55,2690819
FRETAIL,20211006,51.1,52.5,50.6,50.85,1423568
FRETAIL,20211007,51.4,52.75,51.35,52.0,1972279
FRETAIL,20211008,52.8,56.0,52.45,53.75,3765670
FRETAIL,20211011,55.0,55.95,53.3,53.45,2573406
FRETAIL,20211012,55.65,61.7,54.2,59.0,18448800
FRETAIL,20211013,60.95,61.4,56.8,57.35,6651225
FRETAIL,20211014,57.7,57.7,56.0,56.15,2030016
FRETAIL,20211018,56.35,61.9,52.8,57.75,7858547
FRETAIL,20211019,57.8,59.3,53.5,55.15,5643246
FRETAIL,20211020,54.8,54.9,53.25,53.55,2140948
FRETAIL,20211021,50.55,53.25,50.55,51.45,4196556
FRETAIL,20211022,51.85,52.2,50.0,50.15,2380802
FRETAIL,20211025,50.25,50.35,47.7,48.5,2029161
FRETAIL,20211026,48.8,50.45,48.6,49.6,1552146
FRETAIL,20211027,49.75,51.0,49.0,49.45,1647394
FRETAIL,20211028,49.45,49.95,48.0,48.25,1424579
FRETAIL,20211029,48.25,50.0,47.5,48.1,2326634
FRETAIL,20211101,47.05,48.7,47.0,48.0,1448792
FRETAIL,20211102,48.3,49.25,48.2,48.5,823496
FRETAIL,20211103,49.0,50.5,48.75,49.8,1215149
FRETAIL,20211104,49.8,50.45,49.75,50.05,485749
FRETAIL,20211108,50.5,50.95,48.85,49.9,1253633
FRETAIL,20211109,49.3,50.25,49.1,49.3,1277938
FRETAIL,20211110,49.9,50.3,49.2,49.45,1165635
FRETAIL,20211111,49.9,51.6,48.85,49.8,3369592
FRETAIL,20211112,49.8,50.1,49.45,49.75,905752
FRETAIL,20211115,50.25,51.3,49.4,49.95,2188671
FRETAIL,20211116,49.95,51.4,49.25,50.5,2628863
FRETAIL,20211117,51.1,51.4,49.85,50.1,1199380
FRETAIL,20211118,50.1,50.3,48.35,48.5,1417071
FRETAIL,20211122,48.95,48.95,47.1,48.0,1367618
FRETAIL,20211123,49.0,51.5,48.6,50.25,4090342
FRETAIL,20211124,52.0,52.0,50.0,50.4,1336636
FRETAIL,20211125,50.8,53.25,50.0,52.1,2928999
FRETAIL,20211126,52.0,52.5,49.9,50.25,2492799
FRETAIL,20211129,50.45,55.25,48.3,52.3,5347316
FRETAIL,20211130,52.4,52.4,49.0,49.6,2228402
FRETAIL,20211201,50.0,50.8,48.65,48.95,1769699
FRETAIL,20211202,48.15,49.35,48.15,48.9,1148504
FRETAIL,20211203,48.85,49.7,48.65,49.1,1126304
FRETAIL,20211206,49.25,49.5,48.3,48.7,1460649
FRETAIL,20211207,48.7,49.3,48.6,48.8,829492
FRETAIL,20211208,49.0,49.5,48.3,48.45,1134526
FRETAIL,20211209,48.7,49.5,48.4,48.65,1372924
FRETAIL,20211210,48.8,51.55,48.55,50.05,5728914
FRETAIL,20211213,50.8,51.5,49.2,49.45,2127633
FRETAIL,20211214,49.4,49.55,48.5,48.85,1633011
FRETAIL,20211215,49.4,49.45,48.2,48.45,1235940
FRETAIL,20211216,49.25,49.3,47.75,47.95,1679521
FRETAIL,20211217,48.05,48.85,47.75,47.95,2029112
FRETAIL,20211220,57.5,57.5,55.3,57.5,19720702
FRETAIL,20211221,62.0,63.7,53.2,54.35,18685270
FRETAIL,20211222,54.75,55.9,53.7,54.7,3905946
FRETAIL,20211223,55.0,55.0,51.4,51.85,4023061
FRETAIL,20211224,52.2,52.2,49.8,50.1,2976020
FRETAIL,20211227,50.1,50.6,49.3,49.5,2156148
FRETAIL,20211228,49.65,49.9,49.0,49.55,1786000
FRETAIL,20211229,49.5,49.85,49.1,49.6,1162538
FRETAIL,20211230,49.7,49.9,49.0,49.1,1175956
FRETAIL,20211231,49.4,51.7,49.25,50.95,2667200
FRETAIL,20220103,50.5,51.25,49.0,50.0,4298765
FRETAIL,20220104,51.9,53.35,51.0,51.65,6702493
FRETAIL,20220105,50.0,51.6,48.8,50.5,4458190
FRETAIL,20220106,55.3,55.3,52.65,53.0,12444981
FRETAIL,20220107,53.1,53.5,52.15,52.45,2857897
FRETAIL,20220110,52.25,53.15,51.65,52.5,3204501
FRETAIL,20220111,52.5,54.0,51.1,52.3,3860376
FRETAIL,20220112,52.5,53.25,52.25,52.45,2263155
FRETAIL,20220113,52.5,52.8,51.5,51.65,1839444
FRETAIL,20220114,51.2,53.3,51.05,52.25,2310840
FRETAIL,20220117,51.95,52.0,51.5,51.55,1373208
FRETAIL,20220118,51.5,51.9,50.25,50.5,1636380
FRETAIL,20220119,50.45,51.5,49.65,50.8,2139639
FRETAIL,20220120,50.8,51.25,49.8,49.9,1723055
FRETAIL,20220121,51.0,51.8,49.6,49.85,2268402
FRETAIL,20220124,51.1,51.1,48.4,48.65,2446434
FRETAIL,20220125,48.9,49.4,47.65,48.85,1245792
FRETAIL,20220127,48.8,49.45,47.0,48.2,1352733
FRETAIL,20220128,49.0,49.25,48.6,48.8,889475
FRETAIL,20220131,49.1,49.6,48.15,48.7,1037589
FRETAIL,20220201,49.1,55.9,48.55,49.2,7929960
FRETAIL,20220202,50.05,50.3,49.4,49.7,1556339
FRETAIL,20220203,49.8,50.4,47.8,48.2,2621444
FRETAIL,20220204,47.6,47.95,46.5,47.35,2518548
FRETAIL,20220207,47.35,47.9,46.9,47.1,1593436
FRETAIL,20220208,47.5,49.1,47.2,48.2,2543549
FRETAIL,20220209,49.4,49.4,47.8,48.1,1209499
FRETAIL,20220210,47.9,48.0,47.35,47.55,1290625
FRETAIL,20220211,47.5,47.55,47.05,47.15,1203520
FRETAIL,20220214,46.55,46.9,45.0,45.15,1588830
FRETAIL,20220215,45.2,47.25,44.3,45.95,2800161
FRETAIL,20220216,46.5,47.95,46.25,47.7,2029471
FRETAIL,20220217,47.95,48.25,47.0,47.3,2357723
FRETAIL,20220218,47.15,47.3,46.65,46.85,1906930
FRETAIL,20220221,47.3,47.75,46.0,46.15,2275301
FRETAIL,20220222,44.2,45.75,44.2,44.55,3223491
FRETAIL,20220223,44.6,48.0,44.6,47.1,4062978
FRETAIL,20220224,46.25,46.45,42.8,43.15,5141913
FRETAIL,20220225,45.0,46.35,45.0,45.8,3370168
FRETAIL,20220228,47.0,51.7,47.0,49.0,16021207
FRETAIL,20220302,51.3,52.0,49.25,49.7,9470370
FRETAIL,20220303,51.0,51.2,48.1,48.75,6300044
FRETAIL,20220304,51.0,51.0,49.0,49.9,5122951
FRETAIL,20220307,49.9,49.9,48.35,48.65,3507003
FRETAIL,20220308,48.5,49.3,48.25,48.9,3355013
FRETAIL,20220309,49.0,49.3,48.5,48.8,1967387
FRETAIL,20220310,49.35,49.5,48.4,48.65,3945883
FRETAIL,20220311,47.4,47.5,45.8,46.3,4929419
FRETAIL,20220314,45.6,46.05,43.8,44.3,6448049
FRETAIL,20220315,44.0,45.05,42.85,43.05,5633099
FRETAIL,20220316,43.05,43.35,42.1,42.25,3994415
FRETAIL,20220317,42.45,42.45,38.3,38.65,11484548
FRETAIL,20220321,38.8,38.9,35.25,35.65,11960545
FRETAIL,20220322,35.0,35.0,29.7,30.35,24152640
FRETAIL,20220323,29.75,33.35,27.95,33.35,16218732
FRETAIL,20220324,34.6,36.65,34.3,36.65,6098725
FRETAIL,20220325,39.0,40.15,36.1,38.15,11492995
FRETAIL,20220328,37.8,37.85,36.25,36.25,1550908
FRETAIL,20220329,34.6,35.5,34.45,34.45,1451514
FRETAIL,20220330,32.75,35.5,32.75,32.75,9113260
FRETAIL,20220331,32.4,33.5,31.15,31.2,5099913
FRETAIL,20220401,31.2,32.75,31.2,32.75,1131849
FRETAIL,20220404,33.4,34.3,32.6,33.35,4689196
FRETAIL,20220405,34.0,34.0,32.85,32.95,2851097
FRETAIL,20220406,32.9,33.0,32.15,32.35,3610517
FRETAIL,20220407,32.0,32.9,30.75,30.85,5647286
FRETAIL,20220408,31.95,31.95,29.95,30.2,5266988
FRETAIL,20220411,30.0,30.2,28.95,29.3,5342455
FRETAIL,20220412,29.3,30.75,29.0,30.45,4131887
FRETAIL,20220413,30.9,30.95,29.6,29.8,2475459
FRETAIL,20220418,29.2,29.25,28.4,28.9,3400904
FRETAIL,20220419,28.95,29.85,28.9,29.1,2139626
FRETAIL,20220420,29.2,29.55,28.75,29.0,1407698
FRETAIL,20220421,29.65,30.45,29.4,30.45,1942640
FRETAIL,20220422,29.9,30.0,28.95,29.3,3069886
FRETAIL,20220425,27.85,27.85,27.85,27.85,756001
FRETAIL,20220426,26.5,26.5,26.5,26.5,455811
FRETAIL,20220427,25.2,25.2,25.2,25.2,463136
FRETAIL,20220428,23.95,23.95,23.95,23.95,357762
FRETAIL,20220429,22.8,22.8,22.8,22.8,414274
FRETAIL,20220502,21.7,21.7,21.7,21.7,395357
FRETAIL,20220504,20.65,20.65,20.65,20.65,393010
FRETAIL,20220505,19.65,19.65,19.65,19.65,363367
FRETAIL,20220506,18.7,18.7,18.7,18.7,316717
FRETAIL,20220509,17.8,17.8,17.8,17.8,359258
FRETAIL,20220510,16.95,16.95,16.95,16.95,252875
FRETAIL,20220512,15.35,15.35,15.35,15.35,228133
FRETAIL,20220513,14.6,14.6,14.6,14.6,488394
FRETAIL,20220516,13.9,13.9,13.9,13.9,409101
FRETAIL,20220517,13.25,13.25,13.25,13.25,371198
FRETAIL,20220518,12.6,13.25,12.6,12.6,8934417
FRETAIL,20220519,12.0,12.0,12.0,12.0,649123
FRETAIL,20220520,11.4,11.4,11.4,11.4,697236
FRETAIL,20220523,10.85,10.85,10.85,10.85,447466
FRETAIL,20220524,10.35,10.35,10.35,10.35,327274
FRETAIL,20220525,9.85,9.85,9.85,9.85,320185
FRETAIL,20220526,9.4,9.4,9.4,9.4,327760
FRETAIL,20220527,8.95,8.95,8.95,8.95,592295
FRETAIL,20220530,8.55,8.55,8.55,8.55,629588
FRETAIL,20220531,8.15,8.15,8.15,8.15,1800432
FRETAIL,20220601,7.75,7.75,7.75,7.75,882770
FRETAIL,20220602,7.4,7.4,7.4,7.4,792814
FRETAIL,20220603,7.05,7.05,7.05,7.05,1436975
FRETAIL,20220606,6.7,6.7,6.7,6.7,1069695
FRETAIL,20220607,6.4,7.0,6.4,7.0,62179274
FRETAIL,20220608,7.35,7.35,6.95,7.35,51950712
FRETAIL,20220609,7.65,7.7,7.5,7.7,8178733
FRETAIL,20220610,8.05,8.05,8.05,8.05,1057361
FRETAIL,20220613,8.45,8.45,8.05,8.45,35953255
FRETAIL,20220614,8.8,8.85,8.7,8.85,11731462
FRETAIL,20220615,9.25,9.25,9.25,9.25,473356
FRETAIL,20220616,9.7,9.7,8.8,8.8,13493732
FRETAIL,20220617,8.4,8.4,8.4,8.4,1040639
FRETAIL,20220620,8.0,8.0,8.0,8.0,866444
FRETAIL,20220621,7.6,7.6,7.6,7.6,958255
FRETAIL,20220622,7.25,7.25,7.25,7.25,736904
FRETAIL,20220623,6.9,6.9,6.9,6.9,1306847
FRETAIL,20220624,6.6,7.2,6.6,7.2,21675228
FRETAIL,20220627,7.5,7.55,6.85,6.85,21138231
FRETAIL,20220628,6.55,6.9,6.55,6.6,15939747
FRETAIL,20220629,6.7,6.9,6.65,6.85,7873496
FRETAIL,20220630,6.85,7.1,6.6,6.65,4255777
FRETAIL,20220701,6.75,6.8,6.45,6.65,2904033
FRETAIL,20220704,6.75,6.75,6.4,6.65,3241865
FRETAIL,20220705,6.8,6.95,6.55,6.65,3165092
FRETAIL,20220706,6.6,6.75,6.4,6.55,3366974
FRETAIL,20220707,6.7,6.8,6.5,6.75,2183160
FRETAIL,20220708,6.85,6.9,6.6,6.75,3356209
FRETAIL,20220711,6.7,7.05,6.55,7.05,5771800
FRETAIL,20220712,7.05,7.4,6.9,7.35,5371426
FRETAIL,20220713,7.45,7.7,7.1,7.15,4342004
FRETAIL,20220714,7.25,7.3,6.9,6.95,2530975
FRETAIL,20220715,7.05,7.05,6.9,7.05,1196325
FRETAIL,20220718,7.2,7.2,6.95,7.0,1562843
FRETAIL,20220719,7.05,7.05,6.95,7.0,1136090
FRETAIL,20220720,7.0,7.35,6.9,6.95,5690458
FRETAIL,20220721,6.65,6.75,6.65,6.65,5282756
FRETAIL,20220722,6.35,6.5,6.35,6.35,3684066
FRETAIL,20220725,6.05,6.05,6.05,6.05,793234
FRETAIL,20220726,5.75,5.75,5.75,5.75,873381
FRETAIL,20220727,5.5,5.5,5.5,5.5,735055
FRETAIL,20220728,5.25,5.75,5.25,5.75,4658165
FRETAIL,20220729,5.75,6.0,5.55,6.0,1841069
FRETAIL,20220801,6.3,6.3,5.7,5.75,3649011
FRETAIL,20220802,5.65,5.85,5.5,5.5,4180443
FRETAIL,20220803,5.25,5.75,5.25,5.45,2436924
FRETAIL,20220804,5.35,5.6,5.2,5.2,5295002
FRETAIL,20220805,5.1,5.3,4.95,4.95,5862187
FRETAIL,20220808,4.95,4.95,4.75,4.75,2611712
FRETAIL,20220810,4.55,4.55,4.55,4.55,1468498
FRETAIL,20220811,4.35,4.35,4.35,4.35,1263658
FRETAIL,20220812,4.15,4.15,4.15,4.15,1477090
FRETAIL,20220816,3.95,4.35,3.95,4.35,9528130
FRETAIL,20220817,4.3,4.55,4.2,4.4,5414409
FRETAIL,20220818,4.45,4.5,4.2,4.2,6885890
FRETAIL,20220819,4.05,4.2,4.0,4.0,5442062
FRETAIL,20220822,4.1,4.1,3.8,3.8,5922907
FRETAIL,20220823,3.8,3.95,3.65,3.95,6835093
FRETAIL,20220824,3.9,4.0,3.8,3.85,3096319
FRETAIL,20220825,3.9,3.9,3.7,3.8,3715823
FRETAIL,20220826,3.8,3.85,3.65,3.75,2987685
FRETAIL,20220829,3.75,3.85,3.6,3.8,2570120
FRETAIL,20220830,3.75,3.85,3.65,3.65,5152497
FRETAIL,20220901,3.65,3.65,3.5,3.55,5846864
FRETAIL,20220902,3.55,3.6,3.4,3.4,4643228
FRETAIL,20220905,3.4,3.5,3.3,3.5,5017305
FRETAIL,20220906,3.5,3.5,3.35,3.4,4069417
FRETAIL,20220907,3.4,3.55,3.3,3.5,4050060
FRETAIL,20220908,3.6,3.65,3.55,3.65,1527180
FRETAIL,20220909,3.8,3.8,3.8,3.8,3388804
FRETAIL,20220912,3.95,3.95,3.9,3.95,2268848
FRETAIL,20220913,4.1,4.1,4.1,4.1,662573
FRETAIL,20220914,4.3,4.3,4.3,4.3,922451
FRETAIL,20220919,4.1,4.1,4.1,4.1,623087
FRETAIL,20220926,3.9,3.9,3.9,3.9,380870
FRETAIL,20221003,3.75,3.75,3.75,3.75,831825
FRETAIL,20221010,3.6,3.6,3.6,3.6,635917
FRETAIL,20221017,3.45,3.45,3.45,3.45,447628
FRETAIL,20221024,3.3,3.3,3.3,3.3,251294
FRETAIL,20221031,3.15,3.15,3.15,3.15,428513
FRETAIL,20221101,3.0,3.0,3.0,3.0,831740
FRETAIL,20221102,2.85,2.85,2.85,2.85,718562
FRETAIL,20221103,2.75,2.95,2.75,2.95,3389369
FRETAIL,20221104,3.05,3.05,3.05,3.05,1463961
FRETAIL,20221107,3.2,3.2,3.2,3.2,705214
FRETAIL,20221109,3.35,3.35,3.2,3.35,1658336
FRETAIL,20221110,3.5,3.5,3.5,3.5,352471
FRETAIL,20221111,3.65,3.65,3.65,3.65,396639
FRETAIL,20221121,3.5,3.5,3.5,3.5,960513
FRETAIL,20221128,3.35,3.4,3.35,3.35,2172618
FRETAIL,20221205,3.2,3.35,3.2,3.2,2091731
FRETAIL,20221212,3.05,3.2,3.05,3.05,1534251
FRETAIL,20221219,2.9,3.2,2.9,3.2,2613727
FRETAIL,20221226,3.05,3.05,3.05,3.05,989653
FRETAIL,20230102,3.2,3.2,3.2,3.2,916329
FRETAIL,20230103,3.35,3.35,3.35,3.35,262221
FRETAIL,20230104,3.5,3.5,3.5,3.5,932330
FRETAIL,20230105,3.6,3.65,3.55,3.65,839457
FRETAIL,20230106,3.8,3.8,3.8,3.8,574122
FRETAIL,20230109,3.95,3.95,3.95,3.95,481493
FRETAIL,20230110,4.1,4.1,4.1,4.1,389104
FRETAIL,20230116,3.9,3.9,3.9,3.9,864264
FRETAIL,20230123,3.7,3.7,3.7,3.7,333381
FRETAIL,20230130,3.55,3.55,3.55,3.55,117597
FRETAIL,20230206,3.4,3.4,3.4,3.4,216518
FRETAIL,20230213,3.25,3.25,3.25,3.25,92437
FRETAIL,20230220,3.1,3.1,3.1,3.1,156378
FRETAIL,20230227,2.95,2.95,2.95,2.95,232267
FRETAIL,20230301,3.05,3.05,2.85,3.05,2016431
FRETAIL,20230302,3.05,3.2,2.9,2.9,1209676
FRETAIL,20230303,2.85,2.85,2.75,2.75,1116777
FRETAIL,20230306,2.75,2.85,2.7,2.85,781548
FRETAIL,20230308,2.8,2.95,2.7,2.7,1308965
FRETAIL,20230309,2.6,2.75,2.6,2.6,1057964
FRETAIL,20230310,2.55,2.55,2.5,2.5,911135
FRETAIL,20230313,2.55,2.6,2.4,2.4,613549
FRETAIL,20230314,2.5,2.5,2.3,2.45,1573507
FRETAIL,20230315,2.55,2.55,2.45,2.55,852175
FRETAIL,20230316,2.65,2.65,2.6,2.65,882176
FRETAIL,20230317,2.75,2.75,2.65,2.75,1016564
FRETAIL,20230320,2.75,2.85,2.65,2.65,839688
FRETAIL,20230321,2.7,2.7,2.55,2.55,396489
FRETAIL,20230322,2.6,2.6,2.45,2.45,453873
FRETAIL,20230323,2.35,2.5,2.35,2.35,643917
FRETAIL,20230324,2.35,2.35,2.25,2.25,977406
FRETAIL,20230327,2.3,2.35,2.15,2.35,1431354
FRETAIL,20230328,2.35,2.45,2.25,2.3,1670852
FRETAIL,20230329,2.3,2.4,2.2,2.2,956209
FRETAIL,20230331,2.1,2.2,2.1,2.1,1463366
FRETAIL,20230403,2.1,2.2,2.0,2.2,398771
FRETAIL,20230405,2.3,2.3,2.2,2.3,390025
FRETAIL,20230406,2.4,2.4,2.4,2.4,157559
FRETAIL,20230410,2.5,2.5,2.5,2.5,213677
FRETAIL,20230411,2.6,2.6,2.6,2.6,146382
FRETAIL,20230412,2.7,2.7,2.7,2.7,278326
FRETAIL,20230417,2.75,2.8,2.75,2.8,1252688
FRETAIL,20230424,2.9,2.9,2.9,2.9,554037
FRETAIL,20230502,3.0,3.0,3.0,3.0,412089
FRETAIL,20230508,2.85,3.15,2.85,3.15,714306
FRETAIL,20230515,3.3,3.3,3.0,3.2,2415489
FRETAIL,20230522,3.05,3.05,3.05,3.05,265569
FRETAIL,20230529,2.9,2.9,2.9,2.9,135717
FRETAIL,20230601,2.75,3.0,2.75,2.8,1886061
FRETAIL,20230602,2.75,2.9,2.75,2.8,1163637
FRETAIL,20230605,2.8,2.85,2.7,2.75,1389990
FRETAIL,20230606,2.75,2.8,2.65,2.7,780330
FRETAIL,20230607,2.6,2.75,2.6,2.7,1067425
FRETAIL,20230608,2.7,2.75,2.6,2.6,1350447
FRETAIL,20230609,2.6,2.6,2.5,2.5,985024
FRETAIL,20230612,2.55,2.55,2.4,2.4,948741
FRETAIL,20230613,2.4,2.4,2.3,2.35,1280052
FRETAIL,20230614,2.35,2.45,2.35,2.45,1322382
FRETAIL,20230615,2.45,2.5,2.4,2.5,574972
FRETAIL,20230616,2.5,2.5,2.4,2.45,743823
